user_id,item_id,relevance
488,6,2
827,114,4
626,41,3
790,83,1
544,10,3
780,24,2
397,56,3
236,53,4
345,42,3
534,34,3
466,17,2
463,76,1
463,83,1
353,112,1
413,8,4
281,111,2
111,54,2
362,15,4
584,102,4
261,95,4
449,9,2
405,3,3
896,99,3
66,10,2
209,63,3
735,29,1
211,77,3
742,79,2
405,34,3
583,105,3
526,55,3
55,10,3
670,61,1
211,66,2
406,93,4
432,62,2
740,120,1
303,89,2
752,99,3
399,104,1
710,86,3
78,79,2
137,104,1
138,56,4
50,112,4
710,75,2
757,41,3
261,96,5
295,66,2
313,59,2
838,52,4
828,20,4
364,5,3
543,56,2
632,24,3
205,119,3
228,105,3
875,105,3
441,17,2
519,93,3
399,49,3
199,102,1
896,52,3
142,60,4
313,112,3
371,102,3
445,109,2
895,50,5
327,39,1
423,65,2
494,39,2
577,51,2
517,26,4
514,110,1
66,1,1
98,6,3
571,13,1
650,76,2
32,91,5
391,114,2
532,10,3
68,2,2
214,46,3
744,22,4
79,89,5
604,8,2
26,45,2
66,114,1
97,45,2
779,18,1
210,103,2
828,119,2
454,32,1
775,97,2
626,99,3
875,111,2
40,78,1
486,21,3
520,17,4
892,98,2
544,75,2
670,36,2
735,72,3
571,95,1
795,114,1
537,78,1
353,48,1
382,63,3
486,110,2
211,63,2
450,9,1
364,4,3
546,110,1
896,44,2
66,27,2
248,72,2
454,26,1
579,48,1
313,64,3
210,30,2
251,107,3
219,111,2
550,80,2
142,66,2
659,107,1
281,19,3
83,82,4
327,32,2
73,83,1
676,26,1
465,108,2
821,38,2
334,108,1
68,119,2
514,51,1
632,76,4
432,93,3
670,111,2
779,84,2
576,82,4
494,78,1
276,41,4
445,23,2
324,38,4
482,67,3
431,41,3
659,51,1
26,93,3
406,104,4
232,8,4
550,83,1
669,15,3
406,59,4
579,56,2
347,85,3
361,12,1
584,12,4
87,33,5
214,104,1
665,49,4
780,52,1
362,100,2
449,86,1
441,26,1
142,88,2
432,40,1
689,8,1
653,54,1
892,68,3
757,107,3
382,109,1
571,108,1
397,49,3
779,88,1
494,28,2
659,48,1
584,120,4
445,58,1
240,48,1
520,49,4
670,106,3
431,42,3
689,59,1
658,23,4
324,73,2
659,7,3
450,115,3
266,75,4
210,81,2
454,120,1
514,112,1
833,110,3
658,97,3
429,70,2
73,40,1
364,87,3
833,117,2
193,48,1
669,100,2
576,61,2
486,42,3
833,45,2
31,118,1
579,34,1
448,96,3
827,44,4
87,102,4
77,60,4
431,51,2
68,53,1
674,120,2
821,31,2
300,3,3
604,77,3
111,84,4
214,18,2
520,87,2
517,101,3
886,59,2
659,113,1
64,10,3
140,112,3
487,116,2
517,14,3
228,38,2
216,67,3
399,16,2
465,118,2
604,10,3
329,9,2
494,100,2
835,42,4
810,112,1
303,32,2
488,85,2
327,112,3
579,57,1
292,71,2
744,55,4
676,34,1
802,63,2
584,13,4
45,76,1
83,77,4
66,77,1
746,107,3
322,11,2
450,58,1
111,99,3
295,44,2
632,31,4
670,74,1
313,62,2
281,91,3
31,80,1
544,33,2
205,25,2
466,83,2
591,38,2
441,4,1
209,22,1
577,108,2
659,31,1
137,70,3
674,14,3
83,41,4
828,77,5
632,101,3
175,91,3
523,78,1
431,71,2
810,51,1
303,41,3
658,85,4
236,89,5
892,120,2
210,33,2
397,25,2
31,104,2
898,52,4
329,33,5
166,74,1
488,106,1
313,88,2
650,96,3
138,92,1
111,15,3
780,67,2
740,10,2
858,64,3
833,59,2
784,23,2
465,97,3
604,118,2
795,95,1
175,21,3
745,111,2
674,106,3
391,41,3
665,9,2
55,78,3
519,11,2
228,61,1
45,30,2
214,67,3
616,106,3
205,57,3
79,112,4
571,4,1
199,20,1
362,113,5
441,23,1
26,37,2
339,120,4
68,5,2
833,89,2
216,118,2
361,65,2
248,96,3
210,83,1
590,18,2
520,83,2
752,77,3
50,17,4
523,97,2
886,2,3
571,6,2
450,14,3
520,43,4
362,21,4
495,38,4
833,22,3
137,31,2
322,81,2
790,4,3
653,17,2
740,90,1
546,80,1
327,6,3
835,82,4
858,83,1
324,57,5
266,73,2
315,83,1
193,63,3
199,48,1
303,120,2
327,69,3
405,36,2
399,108,2
368,94,4
494,55,1
40,35,2
835,49,4
248,90,3
830,33,3
650,17,3
391,22,3
85,90,2
212,12,3
844,57,3
169,102,1
537,102,1
382,25,2
886,61,1
740,113,1
310,57,1
571,113,1
32,102,4
111,10,3
833,7,1
895,35,4
423,19,2
313,93,3
73,76,1
175,36,2
544,51,2
488,33,3
78,116,1
801,14,2
674,64,3
315,81,2
339,39,3
193,1,1
240,88,1
659,13,1
514,1,1
313,112,3
519,65,2
626,50,3
784,58,1
210,115,3
140,72,2
97,72,2
517,54,4
50,48,5
197,87,3
450,62,2
694,24,3
391,13,2
591,116,1
526,53,2
361,119,2
669,108,2
322,79,2
689,78,1
583,20,3
778,48,1
98,83,1
345,56,3
514,88,1
166,34,1
295,100,2
219,16,2
669,79,2
495,18,4
802,12,3
835,76,4
778,63,3
73,73,2
745,106,2
413,95,4
266,37,3
821,96,3
79,107,4
315,120,2
248,30,2
790,58,1
449,59,1
68,73,2
137,19,3
83,40,4
650,5,3
73,42,3
166,49,1
795,86,1
73,40,1
248,77,3
212,81,2
757,6,3
111,75,2
299,110,4
802,80,2
61,12,3
830,41,1
650,105,3
550,90,3
589,73,2
833,106,3
494,108,1
73,51,2
295,104,1
694,39,1
445,107,3
742,114,2
626,68,3
205,103,2
214,46,3
875,21,3
121,116,1
303,71,2
140,119,3
746,107,3
665,78,4
61,83,1
544,34,3
362,60,4
97,81,1
137,111,2
6,52,3
261,57,5
87,25,2
465,110,2
895,60,4
653,9,2
495,26,4
45,30,2
616,112,3
450,71,2
650,19,3
674,11,2
382,92,2
584,67,3
137,116,1
175,85,3
175,86,3
449,105,1
205,92,1
295,85,3
71,63,3
821,30,2
193,41,1
537,14,2
251,48,3
73,4,3
632,96,4
833,34,3
364,50,3
745,118,1
199,48,1
413,6,4
339,88,4
659,24,2
429,85,2
232,64,4
658,94,4
534,105,3
292,80,2
732,112,3
532,97,3
746,18,2
694,14,3
40,114,1
898,11,4
482,99,5
368,104,5
429,99,1
830,97,2
211,31,2
571,70,2
583,30,2
895,120,4
576,60,4
858,116,1
757,27,3
844,72,2
445,62,2
520,31,4
616,77,3
40,61,2
650,59,2
300,40,1
514,92,2
371,88,2
858,13,2
658,54,4
61,117,2
790,118,2
838,30,2
534,40,1
405,78,2
591,84,4
517,63,3
828,108,4
744,109,4
77,74,1
550,66,2
276,28,4
299,65,2
166,43,1
138,5,3
339,72,2
537,78,1
68,61,2
450,96,3
665,74,4
276,14,3
211,102,3
315,113,3
780,44,1
694,81,1
571,48,1
833,72,2
64,29,3
193,25,2
616,23,2
406,34,4
780,69,2
532,119,3
166,18,1
742,10,3
830,44,1
519,15,3
45,68,3
73,47,2
212,57,3
465,52,3
276,66,4
64,74,1
810,63,3
494,28,2
523,110,1
98,89,1
71,46,1
364,28,3
802,17,3
276,52,4
50,4,4
808,35,4
584,2,3
236,76,4
110,10,3
650,9,1
166,16,1
895,87,2
790,6,3
31,65,2
486,10,3
266,7,2
828,88,4
735,87,2
790,16,2
371,68,3
399,92,1
32,62,4
40,26,1
844,49,3
211,53,2
327,7,1
345,59,2
830,112,1
488,3,1
589,52,3
858,112,3
310,97,2
486,47,2
406,101,4
712,41,3
830,81,3
6,40,2
544,109,2
827,108,4
345,55,3
487,28,2
406,33,5
626,20,3
276,74,4
315,90,3
111,71,2
364,34,3
694,90,3
98,23,2
140,53,2
232,118,4
712,54,2
371,30,2
450,83,1
6,64,3
550,16,2
371,64,3
299,39,3
676,77,1
228,63,2
494,24,2
83,111,2
210,56,4
808,15,4
137,67,3
537,17,2
802,8,2
579,64,1
73,90,3
211,13,2
835,38,4
140,24,3
87,97,3
368,3,4
670,46,3
875,32,2
364,91,3
303,83,1
138,15,3
345,100,2
712,97,3
197,18,2
571,6,2
752,52,3
514,40,3
449,65,2
779,32,1
844,107,3
445,61,1
732,91,3
735,102,1
495,24,3
674,103,2
543,105,1
111,61,1
833,86,3
694,103,1
405,1,2
209,20,1
653,100,3
166,114,1
590,16,2
429,67,2
526,1,2
445,102,3
795,69,2
6,33,2
26,71,2
532,87,3
710,96,3
571,44,1
448,80,2
526,36,2
399,37,2
432,48,3
327,104,1
50,56,4
463,91,3
808,5,4
732,86,3
429,103,3
858,45,2
487,6,2
583,118,2
371,67,3
313,98,2
658,54,4
197,69,3
423,117,2
382,10,2
494,95,1
6,106,3
212,14,3
6,98,2
835,77,5
454,17,2
534,89,2
193,48,1
779,17,2
251,42,3
83,41,4
175,14,3
281,118,2
248,31,2
368,62,4
495,8,4
494,45,3
334,115,2
778,38,1
523,36,1
405,56,3
214,39,1
448,58,1
576,59,4
844,5,3
121,111,2
810,87,2
784,88,2
858,108,2
364,81,2
431,80,2
827,111,2
591,89,2
892,118,2
465,31,2
520,36,4
175,89,2
71,11,1
228,120,2
431,10,3
64,20,3
281,71,2
838,90,4
898,60,4
784,120,2
45,29,3
34,119,2
653,35,2
830,96,1
886,119,3
534,115,3
550,42,3
441,16,1
50,98,4
517,33,5
300,116,1
802,90,3
589,112,3
810,81,3
441,53,1
339,91,5
138,100,2
423,63,3
327,28,3
795,11,1
898,62,4
694,21,3
778,22,1
808,65,2
361,63,3
303,36,2
534,29,3
322,105,3
73,36,2
858,112,3
676,106,2
78,51,2
658,95,4
674,18,2
454,102,1
710,68,3
142,117,2
310,66,1
495,47,2
795,13,1
616,24,3
83,79,4
110,23,3
251,57,3
790,110,2
532,101,2
193,67,2
895,36,4
111,105,3
364,21,3
212,81,2
276,29,5
73,53,2
653,62,1
441,96,1
111,22,3
211,33,2
810,75,1
858,46,3
752,74,1
627,103,1
26,119,3
299,33,5
77,58,1
137,7,1
211,11,2
752,38,2
780,103,3
779,74,1
523,94,1
448,55,3
742,36,2
577,50,3
232,18,4
886,50,3
324,98,4
821,14,3
523,57,1
429,78,1
313,48,3
334,84,2
79,6,4
576,42,4
87,104,5
519,23,2
169,16,1
650,55,3
441,95,1
391,114,2
742,119,3
513,117,2
513,51,4
71,52,1
520,41,4
292,50,3
544,57,3
658,8,4
413,9,2
31,115,2
670,119,3
66,111,2
858,94,2
712,49,3
423,38,1
405,8,2
844,74,2
487,67,2
364,19,3
523,47,3
98,37,2
450,64,3
85,120,1
429,29,1
197,66,2
251,13,2
339,60,4
778,12,1
589,44,2
67,60,4
520,6,4
175,7,1
828,61,2
334,38,1
327,23,2
790,13,2
266,8,4
712,78,3
345,41,3
465,70,3
494,106,2
368,89,5
658,99,5
315,14,3
441,41,1
111,89,2
137,1,2
232,2,3
732,27,3
68,94,1
432,13,2
487,48,1
429,56,2
537,50,2
66,21,1
175,57,3
495,41,4
111,70,3
732,19,3
310,23,1
236,63,3
214,49,3
85,47,3
744,39,3
85,89,3
627,76,2
64,25,2
875,65,2
589,8,2
658,111,2
463,82,3
313,73,2
466,108,1
303,94,2
50,22,4
432,72,2
347,18,2
347,48,3
589,106,3
604,9,1
537,24,2
550,10,3
429,38,1
482,76,4
345,88,2
546,34,1
345,120,2
45,58,1
329,28,4
137,17,3
209,80,1
261,25,2
79,110,4
658,63,3
67,26,3
653,50,2
73,95,2
199,14,2
808,14,3
487,29,1
669,9,1
197,58,1
735,79,1
209,8,1
665,110,4
732,89,2
886,62,2
827,84,3
216,110,2
361,5,2
324,5,4
519,87,3
111,71,2
232,22,4
584,48,5
732,50,3
546,9,2
482,3,4
166,95,1
78,115,3
827,22,4
327,12,3
669,16,2
616,80,2
519,68,3
87,54,4
209,60,2
432,87,3
368,109,4
892,40,1
24,103,3
50,31,4
79,47,2
591,44,2
361,3,1
488,10,2
546,103,3
79,120,4
236,31,4
334,68,1
98,37,2
550,83,1
347,51,2
310,42,1
209,78,1
445,60,4
757,114,2
784,96,3
482,74,4
448,93,3
488,103,3
875,93,3
674,29,3
251,46,3
327,101,2
895,5,4
97,53,2
513,88,4
216,98,2
544,28,3
228,18,2
802,49,3
694,84,4
295,95,2
79,3,4
658,6,4
835,6,4
71,24,2
248,37,2
775,100,3
193,29,1
68,101,1
494,109,1
431,12,3
844,4,3
532,65,2
694,84,4
431,28,3
83,112,4
828,21,4
534,54,2
212,114,2
413,70,3
543,60,2
110,3,3
482,68,5
710,2,3
219,21,3
61,97,3
391,23,2
327,37,2
590,118,2
327,17,3
659,17,2
838,32,4
211,9,1
45,47,2
97,85,3
391,42,3
97,67,3
219,49,3
334,31,1
79,22,4
579,74,1
413,94,4
546,97,2
169,46,1
583,119,3
32,46,4
583,32,2
670,104,1
740,56,2
209,89,3
97,67,3
627,50,3
32,24,3
494,88,1
292,80,2
199,7,3
790,34,3
537,14,2
166,15,2
429,59,1
368,91,5
73,98,2
735,76,3
205,11,2
79,44,4
858,38,2
450,33,2
810,69,2
875,6,3
712,47,2
775,11,1
830,27,2
537,20,1
266,3,4
487,40,3
71,117,2
334,104,2
334,91,1
199,51,1
121,36,2
68,112,1
514,89,3
140,109,2
590,25,2
746,52,3
87,63,3
79,68,5
205,104,1
276,119,2
808,13,4
322,29,3
78,91,3
784,95,2
339,43,4
674,10,3
71,8,1
523,54,1
405,56,3
526,73,2
778,109,1
364,58,1
546,21,1
169,21,1
735,58,2
780,92,2
397,87,3
85,58,2
214,17,3
121,73,2
197,115,3
441,10,2
895,47,2
520,43,4
740,105,1
212,2,3
526,46,3
752,59,2
236,72,2
216,40,1
266,38,4
712,105,3
248,87,3
382,70,2
801,81,3
732,86,3
110,3,3
544,92,1
746,2,3
232,70,3
576,36,4
232,28,4
584,51,4
808,89,5
210,43,2
251,23,2
310,95,1
833,116,1
140,31,2
546,112,1
821,103,1
339,37,3
616,56,4
898,102,4
589,5,3
329,85,4
544,119,3
397,102,3
517,2,3
169,98,1
362,70,3
775,58,2
40,111,1
752,109,2
740,32,1
710,4,3
577,106,3
26,107,3
219,39,1
487,23,1
68,48,1
616,103,2
821,101,2
300,39,1
353,83,2
732,113,3
694,88,2
197,50,3
482,115,2
368,8,4
590,93,3
71,21,1
399,22,3
281,79,2
658,71,4
429,96,1
746,42,3
513,71,4
368,71,4
251,60,4
199,54,1
898,52,4
744,84,3
382,51,1
689,97,2
214,69,3
45,55,3
300,11,2
546,22,1
55,38,2
778,25,2
405,38,2
193,39,2
604,27,3
78,41,3
85,15,2
445,67,3
653,79,1
266,42,4
71,37,1
219,116,1
486,120,2
694,28,3
517,60,4
632,60,4
710,12,3
193,2,2
745,15,2
55,24,3
368,60,4
371,3,3
322,11,2
211,101,2
315,46,3
329,7,2
423,55,1
466,67,2
429,108,1
670,11,2
780,116,2
210,23,2
209,25,2
795,39,2
211,16,2
827,95,4
892,114,2
732,44,2
584,47,2
494,13,1
732,60,4
68,10,2
463,81,2
140,18,2
810,86,1
658,54,4
450,30,2
463,96,3
327,50,3
674,57,3
710,106,3
486,7,1
45,5,3
78,11,2
214,60,4
579,38,1
519,104,1
138,61,1
486,110,2
324,46,4
310,63,3
324,59,4
744,81,3
589,85,4
66,41,1
534,56,4
835,57,5
353,92,2
40,74,1
886,39,1
517,44,4
523,99,1
579,11,1
712,52,3
543,25,2
66,119,2
532,40,2
441,46,1
166,30,2
214,10,3
584,97,3
790,54,2
626,111,2
166,119,2
650,57,3
591,54,2
300,16,2
87,16,4
514,91,1
827,106,4
519,56,3
550,59,2
576,82,4
64,34,3
523,34,1
97,104,1
735,71,1
66,113,1
111,107,3
281,106,3
486,48,3
898,22,4
210,118,2
676,65,2
85,19,2
495,106,4
838,54,4
689,94,1
236,15,4
26,48,3
584,11,4
261,108,4
830,95,1
199,12,1
486,9,1
371,44,2
448,109,2
248,27,3
31,52,1
886,118,2
744,106,4
432,117,2
73,74,2
216,23,2
676,104,2
537,39,2
73,41,3
665,106,4
694,1,2
67,50,3
6,19,3
368,100,2
212,107,2
577,3,3
209,23,1
495,70,3
216,35,3
449,63,3
571,30,2
779,55,1
299,81,3
397,81,2
482,46,4
315,28,3
591,61,1
895,70,3
276,12,4
676,49,1
310,54,1
577,108,2
534,28,3
676,100,3
68,96,1
292,62,2
466,4,1
534,55,3
66,28,2
73,16,2
514,81,3
495,48,5
514,49,1
211,89,2
140,31,2
391,70,3
32,88,4
362,27,4
658,19,3
632,99,5
441,97,2
626,84,4
429,112,1
532,87,3
313,71,2
520,17,4
98,20,3
236,107,4
32,38,4
579,77,1
537,21,1
300,76,1
445,59,2
576,75,4
31,110,1
71,82,1
454,8,1
886,26,3
835,59,4
397,116,1
26,3,3
313,38,2
810,98,1
450,110,2
523,107,1
658,34,4
616,71,2
626,44,2
892,115,3
329,105,5
276,85,4
488,55,1
281,111,2
896,104,1
211,79,2
26,34,3
83,39,3
896,102,3
413,55,4
169,30,2
801,4,1
732,44,2
689,95,1
534,85,3
898,58,2
50,53,4
216,26,3
658,102,4
653,23,1
251,43,2
79,6,4
898,62,4
34,100,3
742,74,1
632,34,4
838,10,4
432,75,2
210,33,2
329,4,4
835,79,4
121,38,2
604,100,2
24,97,2
406,114,4
828,12,4
299,28,4
64,86,3
166,75,1
543,93,1
232,69,3
334,117,2
833,83,1
858,54,2
833,41,3
405,8,2
362,30,2
429,89,3
248,44,2
85,57,1
347,25,2
423,54,1
31,97,2
523,62,1
537,48,1
26,93,3
454,64,1
513,113,5
371,48,3
261,17,4
790,82,3
205,87,3
892,29,3
821,51,2
216,107,3
212,112,3
589,19,3
214,95,2
169,67,2
775,52,1
757,20,3
79,80,3
801,69,2
589,37,2
466,118,1
801,38,1
488,60,2
73,32,2
632,3,4
546,85,2
523,20,1
445,40,1
228,10,3
665,74,4
66,66,1
604,96,3
463,71,2
26,6,3
121,77,3
543,19,2
315,114,2
232,70,3
24,6,2
137,113,3
779,95,1
463,1,2
626,21,3
364,4,3
214,47,2
166,76,3
413,62,4
835,14,3
78,99,3
295,62,2
211,101,2
371,23,2
658,114,4
214,10,3
67,66,2
399,34,3
371,3,3
214,75,2
24,23,1
844,103,2
313,103,2
674,120,2
746,80,2
466,46,1
732,48,3
261,57,5
441,84,2
486,16,2
364,52,3
742,23,2
197,42,3
835,81,3
735,77,1
240,81,3
835,44,4
775,42,1
210,64,3
590,66,2
616,115,3
324,93,4
752,63,2
339,8,4
466,56,2
432,104,1
236,1,4
712,106,3
6,69,3
236,63,3
137,112,3
87,81,3
199,58,2
463,101,2
310,32,1
281,5,3
219,42,3
808,60,4
546,90,1
79,59,4
895,103,5
801,61,2
205,16,2
405,28,3
197,86,3
778,120,1
121,66,2
653,71,1
276,81,3
689,9,2
780,76,3
240,108,1
232,19,3
292,46,3
345,92,1
626,72,2
744,38,4
463,78,2
276,9,2
140,5,3
665,90,4
85,91,1
31,92,2
240,70,2
653,19,2
299,24,3
371,81,2
579,87,2
382,100,2
810,61,2
382,97,2
752,40,2
362,74,4
576,25,2
166,48,1
550,84,4
79,70,3
236,92,2
210,47,2
858,34,3
844,16,2
604,33,2
790,60,3
520,3,4
334,82,1
886,17,3
34,57,1
212,34,3
827,116,3
45,5,3
219,13,2
830,49,1
315,89,2
228,14,3
838,84,3
744,11,4
83,81,3
303,113,3
784,112,3
240,25,2
295,79,2
689,19,2
138,69,3
676,22,1
537,116,2
209,49,1
327,5,3
329,95,4
740,117,2
441,11,1
653,26,1
353,51,1
543,24,2
898,115,2
313,48,3
546,47,3
423,100,3
589,83,1
405,9,1
77,115,3
583,74,2
669,94,2
875,79,2
324,105,5
604,118,2
193,89,3
627,86,3
449,90,1
466,92,2
821,58,1
514,81,3
676,58,2
6,76,1
228,113,3
784,109,2
632,22,4
413,78,4
732,91,3
520,42,4
353,106,2
66,70,2
79,74,4
589,55,3
835,93,4
627,93,3
808,10,4
448,37,2
892,44,2
454,97,2
216,27,3
665,38,4
79,4,4
858,108,2
193,89,3
779,96,1
292,77,3
801,25,2
778,30,2
604,111,2
138,84,4
71,113,1
514,80,1
810,84,2
898,53,4
324,10,4
895,6,4
790,117,2
382,104,3
292,45,2
24,79,1
295,39,1
138,103,2
431,38,2
26,53,2
371,47,2
670,54,2
534,52,3
802,6,3
110,97,3
892,81,2
299,48,5
784,53,2
371,59,2
487,95,1
211,22,3
214,98,2
532,92,1
589,27,3
833,6,3
441,1,1
71,76,3
236,104,5
281,47,2
169,25,2
757,48,3
520,47,2
742,74,1
138,49,3
546,46,1
110,94,2
266,108,4
694,112,3
513,99,5
735,81,3
810,13,1
495,119,2
520,111,2
315,77,3
710,82,3
802,56,3
838,86,5
544,24,3
757,78,2
584,78,4
432,89,2
520,50,5
166,91,1
299,19,3
276,52,4
68,10,2
445,102,3
445,44,2
838,110,4
790,42,3
345,23,2
589,29,3
85,47,3
694,51,2
482,118,4
827,94,4
382,86,1
138,71,2
550,52,3
450,76,1
310,56,2
31,79,1
210,99,3
281,105,3
712,119,3
732,50,3
236,1,4
465,10,3
228,8,2
276,1,4
110,47,2
752,69,3
205,113,3
73,17,3
77,2,3
77,23,2
77,116,1
778,26,1
382,111,1
142,113,3
368,36,4
653,92,2
303,74,1
450,115,3
334,9,2
604,95,2
830,108,1
463,33,2
199,19,2
746,111,2
64,99,3
735,69,2
313,93,3
66,77,1
73,21,3
55,8,2
61,42,3
520,69,3
310,93,1
292,112,3
495,94,4
361,113,1
579,7,3
487,54,1
795,88,1
583,83,1
83,58,2
111,92,1
532,70,3
329,14,3
209,110,1
550,58,1
653,19,2
300,118,2
364,48,3
537,29,1
405,10,3
689,78,1
209,91,1
281,100,2
345,81,2
858,117,2
399,104,1
898,59,4
362,13,4
324,73,2
778,1,1
577,63,2
650,48,3
210,27,3
431,6,3
276,85,4
31,108,1
266,23,4
295,7,1
67,106,3
299,33,5
463,79,2
875,41,3
466,56,2
584,66,4
838,62,4
313,23,2
802,108,2
353,82,1
83,39,3
735,100,3
482,68,5
591,8,2
590,52,3
659,40,3
382,111,1
210,16,2
604,103,2
73,59,2
710,54,2
590,91,3
299,80,4
211,39,1
111,58,1
710,3,3
712,101,2
694,93,3
240,76,3
520,82,4
550,30,2
339,105,5
650,95,2
334,54,1
689,71,1
169,85,2
339,102,4
261,113,5
735,28,2
199,64,1
211,108,2
482,77,5
6,119,3
550,92,1
795,64,1
327,23,2
591,3,3
73,73,2
746,31,2
329,76,4
543,59,1
886,68,3
626,26,3
676,111,2
240,21,1
205,99,3
431,74,1
64,38,2
397,79,2
577,22,3
801,68,1
571,88,1
431,88,2
577,41,3
449,115,2
746,95,2
659,10,2
413,26,4
844,53,2
382,84,2
214,120,2
61,27,3
543,63,3
219,11,2
32,2,3
292,89,2
486,83,1
406,45,4
795,67,2
740,40,3
449,75,1
322,71,2
166,113,1
364,108,2
205,79,2
670,116,1
653,38,1
616,53,2
543,119,2
801,59,1
523,1,1
391,112,3
896,16,2
494,83,2
780,27,1
886,20,3
216,112,3
67,5,3
300,12,3
778,32,1
232,17,4
68,118,1
591,95,2
571,119,2
513,113,5
67,114,2
858,59,2
735,53,1
828,119,2
449,70,2
61,28,3
790,19,3
334,117,2
142,74,1
55,93,3
423,53,1
710,4,3
31,34,1
650,102,3
589,7,1
248,7,1
67,59,2
327,28,3
775,120,1
97,46,3
463,32,2
121,13,2
197,4,3
482,62,4
248,100,2
87,68,5
833,78,3
746,46,3
653,28,2
898,45,4
659,111,2
448,25,2
85,107,1
810,33,3
745,95,1
892,32,2
486,54,2
87,72,2
740,94,1
735,98,1
110,70,3
583,101,2
801,15,2
31,26,1
544,94,2
166,22,1
482,97,3
97,48,3
795,98,1
513,109,4
517,53,4
689,77,1
833,13,2
339,105,5
445,37,2
784,11,2
495,101,3
368,47,2
345,67,3
550,76,1
576,61,2
345,85,3
169,4,1
214,24,3
67,62,2
197,53,2
835,48,5
138,66,2
784,48,3
886,87,3
757,30,2
465,36,2
780,90,2
266,65,2
77,77,3
210,21,3
353,13,1
261,51,4
77,48,3
488,96,1
579,94,1
740,84,2
232,25,2
828,35,4
486,114,2
808,19,3
449,110,1
413,53,4
732,32,2
292,6,3
627,86,3
77,65,2
517,19,3
590,119,3
487,84,2
339,100,2
77,116,1
450,63,2
550,71,2
137,56,3
858,37,2
898,64,4
838,101,3
757,119,3
571,74,1
24,104,3
632,19,3
450,6,3
810,62,1
745,50,2
345,54,2
445,119,3
441,3,1
303,42,3
87,24,3
830,44,1
833,54,2
517,79,4
583,29,3
138,64,3
710,109,2
228,77,3
281,97,3
828,22,4
431,99,3
40,17,2
519,86,3
211,89,2
397,81,2
454,27,2
364,63,2
24,103,3
746,115,2
175,105,3
844,75,2
828,66,4
31,20,1
892,106,3
898,84,3
353,8,1
445,18,2
583,72,2
121,42,3
432,11,2
735,67,2
166,12,1
175,69,3
382,62,1
898,33,5
896,115,3
658,93,4
391,14,3
676,73,2
169,26,1
368,25,2
232,54,4
735,7,3
746,15,3
732,87,3
364,27,3
626,29,3
64,84,4
110,33,2
368,68,5
166,94,1
26,37,2
543,109,1
205,84,4
830,40,3
339,51,4
55,100,2
604,43,2
303,32,2
413,110,4
429,58,2
886,1,2
67,98,2
757,62,2
142,82,3
591,35,3
205,79,2
445,102,3
240,22,1
266,11,4
694,110,2
494,7,3
669,51,2
676,23,1
659,90,2
463,119,3
550,9,1
450,7,1
423,109,1
55,113,3
670,79,2
211,18,2
670,3,3
299,100,2
775,54,1
362,41,4
589,36,2
463,103,2
197,118,2
544,72,2
61,20,3
779,37,1
514,59,1
482,104,5
212,45,2
665,14,4
670,43,2
466,116,2
276,87,2
514,91,1
590,8,2
653,116,2
740,62,1
236,18,4
543,12,1
650,119,3
361,87,2
61,72,2
71,47,3
838,37,3
466,48,1
494,5,2
449,35,2
26,106,3
32,110,4
604,29,3
838,18,4
324,42,4
175,20,3
775,58,2
802,77,3
87,42,4
892,120,2
778,29,1
626,5,3
292,113,3
97,78,3
68,63,3
77,59,2
833,54,2
345,72,2
584,70,3
313,34,3
228,6,3
858,99,3
526,80,2
465,63,2
66,10,2
324,90,4
429,90,1
61,61,1
486,1,2
517,77,5
138,72,2
746,47,2
266,20,4
454,25,2
34,91,1
784,117,2
175,100,2
833,73,2
892,104,1
83,58,2
632,44,4
583,59,2
892,28,3
838,116,3
210,11,2
886,53,2
712,48,3
216,113,3
779,43,1
801,59,1
448,73,2
513,86,5
34,97,2
266,75,4
775,51,1
413,19,3
546,37,1
775,75,1
537,7,3
251,58,1
583,91,3
121,98,2
626,37,2
322,31,2
399,77,3
892,47,2
520,94,4
571,6,2
211,5,3
327,77,3
334,29,1
353,31,1
626,36,2
810,116,2
85,46,1
532,107,3
676,19,2
140,41,3
898,76,4
137,73,2
627,33,2
653,111,2
347,112,3
487,107,1
382,86,1
339,56,4
40,112,1
757,6,3
584,33,5
31,47,3
368,27,4
584,13,4
821,59,2
780,71,1
838,41,4
454,84,2
571,18,1
24,78,1
482,46,4
166,91,1
583,102,3
577,43,2
466,116,2
795,77,1
423,85,2
589,47,2
45,77,3
371,72,2
689,40,3
604,71,2
77,103,1
281,102,3
364,5,3
740,35,2
371,109,2
676,30,2
669,111,2
391,85,3
550,78,3
300,93,3
828,55,5
875,66,2
26,37,2
454,92,2
589,8,2
205,41,3
32,38,4
228,79,2
795,118,1
757,41,3
142,71,2
449,7,3
735,95,1
694,67,3
175,77,3
300,34,3
784,86,3
232,17,4
353,67,2
303,5,3
77,78,3
24,90,1
676,105,1
347,54,2
327,68,3
712,106,3
757,107,3
382,10,2
674,7,1
68,5,2
391,57,3
449,72,3
406,92,2
236,9,2
844,39,1
26,85,3
488,37,1
757,66,2
431,105,3
604,69,3
324,8,4
546,49,1
486,47,2
232,114,4
550,116,1
752,69,3
382,8,1
875,11,2
197,38,2
732,18,2
514,105,1
710,31,2
299,97,3
757,52,3
212,89,2
329,17,4
802,35,3
45,27,3
193,30,2
495,9,2
266,52,4
399,83,1
821,76,2
584,62,4
486,71,2
441,43,1
658,66,4
546,34,1
828,112,4
111,51,2
111,84,4
441,105,1
98,12,3
78,20,3
448,76,1
778,69,2
87,48,5
210,75,2
26,45,2
266,72,2
175,56,4
322,21,3
579,31,1
55,77,3
543,11,1
534,5,3
802,5,3
353,106,2
300,60,3
353,72,3
465,54,2
579,3,1
712,111,2
778,16,1
214,7,1
875,117,2
364,95,2
482,33,5
368,119,2
292,19,3
898,43,4
121,78,3
448,24,3
71,61,2
590,8,2
520,29,5
579,82,1
175,118,2
514,38,1
334,40,3
579,118,1
632,52,4
405,86,3
589,40,1
487,118,1
571,69,2
6,12,3
821,27,3
858,88,2
261,63,3
232,82,4
261,28,4
632,119,2
210,117,2
513,114,4
232,99,5
364,47,2
808,103,5
34,107,1
892,95,2
199,64,1
583,86,3
590,109,2
78,48,3
240,113,1
423,61,2
216,28,3
45,112,3
216,33,2
896,7,1
166,96,1
616,62,2
169,66,1
653,21,1
537,23,1
896,54,2
517,26,4
121,88,2
32,39,3
778,26,1
689,78,1
732,49,3
745,73,2
744,78,5
886,17,3
526,30,2
844,12,3
487,82,1
571,3,1
315,69,3
303,27,3
653,110,1
334,85,2
362,25,2
801,62,1
97,17,3
742,4,3
399,118,2
544,114,2
898,6,4
653,120,1
371,28,3
78,53,2
140,11,2
746,9,1
780,7,3
752,120,2
827,67,3
166,92,2
87,16,4
828,49,4
896,111,2
40,91,1
520,41,4
616,11,2
546,66,1
236,111,2
463,56,3
228,12,3
40,7,3
830,116,2
166,47,3
448,16,2
735,114,1
137,54,2
875,17,3
532,13,2
77,5,3
875,12,3
892,3,3
590,43,2
576,55,4
784,32,2
844,86,3
397,19,3
591,113,3
61,2,3
121,93,3
546,98,1
532,89,2
315,26,3
454,37,1
110,87,3
650,82,3
87,118,4
68,58,2
26,112,3
532,39,1
833,101,1
790,113,3
26,13,2
26,63,2
34,31,1
138,6,3
875,10,3
757,44,2
487,26,1
838,45,4
209,26,1
413,79,4
371,9,1
432,59,2
353,81,3
653,20,1
303,81,1
658,4,4
251,107,3
896,51,2
810,67,2
838,61,2
514,56,2
577,104,1
828,65,2
300,83,1
303,105,3
166,24,2
205,38,2
138,41,3
368,105,5
858,105,3
68,83,2
650,116,1
97,45,2
236,99,5
353,112,1
68,72,2
261,47,2
454,37,1
40,60,2
465,118,2
821,90,3
24,72,2
432,71,2
193,79,1
209,16,1
34,93,1
627,119,3
740,6,2
248,57,3
835,118,4
579,30,2
382,82,1
397,30,2
896,94,2
838,8,4
694,15,3
659,36,1
780,101,1
362,60,4
236,69,3
752,87,3
214,81,2
405,118,2
494,114,1
658,12,4
110,78,2
526,74,1
347,119,3
744,79,4
828,106,4
111,109,2
431,16,2
212,83,1
550,46,3
486,11,2
778,106,2
463,48,3
523,63,3
526,85,3
50,60,4
584,2,3
391,66,2
248,97,3
838,74,4
550,47,2
752,2,3
413,2,3
740,2,2
397,3,3
466,120,1
441,87,2
742,47,2
67,94,2
584,33,5
248,27,3
322,102,3
513,23,4
810,11,1
658,119,2
219,27,3
303,36,2
898,23,4
137,20,3
368,66,4
616,61,1
895,7,3
858,115,3
810,100,3
66,62,1
520,110,4
110,69,3
210,23,2
833,15,3
71,43,1
519,83,1
712,85,3
67,35,3
650,112,3
248,60,3
214,91,3
138,119,3
345,31,2
310,53,1
482,111,2
895,119,2
544,92,1
571,22,1
276,63,3
368,62,4
6,110,2
382,31,1
303,55,3
526,98,2
214,44,2
266,90,4
31,102,1
543,63,3
746,50,3
405,111,2
324,82,4
858,19,3
627,116,1
534,106,3
584,73,2
175,20,3
266,103,5
329,58,2
465,102,3
199,55,1
821,65,2
6,29,3
295,44,2
405,27,3
752,25,2
209,110,1
519,113,3
78,107,3
577,3,3
77,84,4
895,16,4
209,64,1
445,111,2
465,69,3
589,109,2
802,28,3
669,102,3
371,40,2
329,40,4
590,62,2
579,117,2
844,80,2
808,50,5
382,72,2
66,102,1
517,3,4
591,109,2
212,19,3
520,40,4
801,1,1
193,36,1
523,24,2
55,98,2
362,95,4
209,10,2
835,104,4
68,101,1
790,49,3
368,22,4
830,11,1
653,10,2
61,16,2
45,112,3
757,118,2
193,93,1
431,74,1
121,97,3
324,114,4
64,109,2
322,44,2
66,105,1
579,112,1
775,31,1
353,72,3
494,50,2
175,36,2
746,34,3
295,38,2
73,88,2
828,80,4
454,120,1
228,106,3
795,93,1
71,21,1
397,84,4
276,105,5
892,23,2
175,95,2
397,59,2
431,44,2
334,59,1
676,13,1
495,61,2
391,41,3
142,95,2
844,14,3
742,59,2
616,91,3
6,45,2
327,9,1
300,83,1
526,20,3
50,5,4
780,113,1
448,9,1
329,51,4
584,37,3
550,6,3
324,82,4
735,51,1
334,101,1
199,63,3
830,23,1
399,114,2
520,60,4
584,84,2
632,29,5
327,73,2
210,106,3
757,15,3
209,110,1
50,73,2
544,28,3
166,25,2
261,71,4
676,65,2
626,112,3
142,42,3
584,71,4
71,12,1
665,95,4
579,11,1
228,117,2
79,36,4
669,89,1
752,105,3
898,46,4
591,13,2
517,67,3
833,69,3
32,77,4
79,111,2
833,54,2
732,83,1
71,103,3
757,106,3
71,62,1
591,30,2
382,42,1
520,92,2
397,96,3
83,73,2
281,50,3
732,78,3
801,37,1
465,72,2
34,51,1
808,95,4
31,73,2
87,113,5
61,109,2
334,65,2
466,18,1
784,54,2
77,63,2
361,100,2
77,57,3
175,92,1
32,2,3
310,56,2
830,96,1
670,78,3
78,90,3
534,16,2
205,105,3
441,119,2
463,15,3
240,99,1
590,22,3
68,82,1
694,102,3
34,13,1
111,36,2
604,81,2
445,8,2
66,120,1
626,22,3
199,117,2
757,96,3
895,106,4
423,37,1
694,111,2
494,118,1
121,76,1
892,100,2
295,4,3
494,42,1
329,95,4
83,71,4
465,56,3
110,102,3
361,19,2
219,37,2
406,51,4
579,46,1
732,111,2
77,91,3
276,89,5
752,62,2
310,30,2
658,12,4
821,46,3
219,101,2
653,60,2
429,75,1
310,101,1
740,71,1
674,43,2
795,84,2
828,86,5
24,120,1
142,89,2
694,5,3
276,66,4
465,54,2
97,64,3
98,2,3
313,38,2
694,5,3
495,11,4
579,116,2
802,44,2
801,90,1
659,56,2
78,33,2
322,86,3
454,84,2
514,38,1
382,118,1
583,42,3
441,42,1
519,55,3
590,54,2
281,37,2
295,33,2
432,100,2
886,75,2
466,10,2
790,116,1
895,101,3
79,19,3
576,8,4
214,40,2
450,101,2
627,64,3
364,112,3
232,99,5
361,21,1
368,41,4
228,5,3
520,21,4
627,57,3
616,95,2
362,41,4
169,111,2
584,40,4
303,103,2
77,27,3
626,60,4
591,8,2
251,84,4
833,106,3
276,25,2
584,61,2
795,17,2
175,40,2
83,80,4
658,40,4
632,85,4
281,96,3
795,68,1
391,102,3
659,41,1
896,24,3
300,8,2
362,17,4
828,12,4
45,27,3
236,68,5
810,42,1
746,15,3
405,110,2
513,73,2
240,90,1
26,117,2
77,100,2
670,71,2
310,54,1
780,10,2
450,27,3
406,63,3
775,99,1
454,93,1
590,108,2
858,18,2
821,9,1
875,95,2
821,84,4
590,49,3
193,88,1
463,1,2
828,85,4
653,23,1
898,46,4
111,114,2
50,18,4
670,69,3
78,4,3
66,26,1
68,51,1
193,98,1
55,95,2
537,99,1
886,91,3
808,47,2
775,41,1
488,67,2
78,79,2
441,43,1
6,85,3
895,13,5
526,87,3
214,82,3
745,14,2
368,94,4
584,32,4
169,101,1
550,95,2
466,68,1
40,103,3
303,98,2
175,110,2
532,39,1
193,41,1
740,87,2
898,22,4
550,36,2
228,22,3
821,104,1
626,34,3
517,77,5
68,70,2
740,4,1
779,61,2
669,35,3
214,57,3
423,12,1
795,21,1
632,92,3
537,29,1
87,75,4
423,109,1
345,98,2
266,83,2
494,78,1
413,37,3
142,105,3
73,12,3
111,67,3
744,113,5
175,72,2
339,120,4
310,87,2
795,49,1
432,116,1
519,68,3
669,61,1
875,97,3
488,101,1
329,23,4
745,100,3
429,41,1
73,18,2
577,16,2
236,37,3
710,14,3
808,60,4
550,36,2
85,14,2
466,28,2
742,90,3
441,98,1
166,94,1
339,108,4
830,51,1
219,86,3
423,97,2
802,39,1
801,70,2
429,66,1
79,22,4
896,114,2
790,101,2
784,10,3
544,110,2
450,21,3
142,67,3
251,7,1
632,71,4
732,94,2
236,72,2
543,20,1
71,53,1
520,85,4
898,1,4
45,34,3
465,96,3
550,14,3
732,36,2
32,6,4
334,13,1
413,31,4
347,118,2
345,16,2
78,77,3
886,25,2
576,94,4
431,91,3
463,113,3
896,78,3
694,77,3
169,1,1
513,17,4
712,29,3
441,117,2
790,43,2
844,12,3
659,50,1
827,92,2
775,98,1
111,5,3
24,81,3
26,52,3
583,21,3
248,91,3
240,99,1
199,97,2
775,40,3
300,26,3
454,107,1
281,31,2
465,81,1
429,35,2
658,38,4
828,107,4
828,42,4
347,41,3
526,57,3
757,56,3
780,76,3
732,53,2
830,10,2
659,115,2
488,92,2
431,80,2
590,33,2
740,83,2
193,35,2
276,9,2
216,56,3
445,41,3
193,48,1
583,58,1
892,60,4
441,112,1
896,98,2
339,32,4
300,3,3
368,73,2
169,40,3
669,77,3
449,95,1
689,40,3
659,16,1
838,66,4
571,107,1
240,60,2
532,22,3
300,50,3
64,3,3
413,16,4
810,59,1
73,10,3
329,90,4
576,28,4
757,23,2
833,77,3
406,28,4
240,4,1
523,47,3
138,50,3
495,60,4
543,72,3
835,52,4
281,25,2
790,61,1
532,44,2
537,36,1
169,56,2
550,15,3
405,102,3
399,53,2
627,16,2
214,19,3
775,31,1
303,56,4
526,114,2
744,112,4
261,108,4
886,73,2
79,60,4
674,15,3
210,36,2
429,68,1
78,23,2
844,97,3
83,39,3
66,61,2
670,13,2
361,42,1
71,64,1
313,44,2
79,92,3
169,45,3
810,8,1
486,18,2
281,93,3
466,20,1
236,87,2
199,77,1
50,5,4
142,25,2
514,105,1
670,5,3
31,4,1
97,68,3
371,65,2
445,16,2
55,93,3
520,44,4
315,88,2
32,9,2
519,78,3
752,86,3
810,20,1
689,84,2
543,82,1
212,46,3
228,10,3
276,7,2
450,76,1
534,118,2
334,33,3
844,26,3
838,23,4
627,106,3
775,30,2
371,19,3
83,22,4
211,6,3
313,64,3
604,21,3
87,48,5
579,89,3
487,103,3
778,27,1
778,62,1
50,12,4
193,109,1
591,87,3
97,31,2
577,52,3
295,100,2
166,83,3
674,109,2
886,39,1
210,72,2
895,8,4
382,46,1
676,44,1
34,52,1
583,21,3
465,107,3
742,44,2
790,41,3
450,77,3
219,1,2
83,84,3
339,100,2
670,110,2
488,27,2
142,43,2
68,20,1
31,18,1
669,105,3
579,93,1
353,90,2
140,11,2
300,120,2
875,11,2
382,1,1
73,82,3
449,49,1
590,71,2
577,16,2
6,49,3
6,81,2
405,98,2
87,49,4
838,83,3
78,102,3
55,73,2
546,88,1
391,13,2
299,110,4
626,100,2
676,32,1
110,99,3
463,14,3
577,49,3
844,36,2
494,23,1
334,57,1
858,119,3
211,112,3
670,13,2
55,14,3
740,32,1
757,103,2
261,108,4
24,27,2
261,55,4
513,93,4
31,95,1
710,106,3
895,39,3
310,3,1
674,58,1
382,61,2
712,100,2
55,92,1
778,84,2
449,25,2
896,107,3
214,24,3
67,111,2
211,73,2
405,105,3
454,100,2
295,17,3
405,61,1
627,30,2
520,19,3
827,117,2
77,24,3
590,11,2
432,58,1
368,29,5
45,84,4
519,70,3
276,28,4
423,61,2
50,48,5
66,17,2
232,75,4
137,106,3
514,36,1
334,74,1
32,17,4
898,89,5
142,13,2
520,48,5
735,97,2
808,70,3
361,10,2
658,57,5
616,68,3
31,16,1
361,43,1
34,57,1
78,24,3
413,76,4
858,35,3
827,50,5
784,54,2
778,81,3
212,70,3
780,9,2
445,36,2
310,93,1
591,23,2
79,102,4
790,111,2
449,19,2
26,95,2
732,36,2
780,20,1
790,7,1
216,34,3
228,73,2
821,13,2
399,70,3
121,106,3
295,12,3
169,23,1
710,65,2
261,26,4
329,89,5
78,16,2
193,16,1
329,41,4
780,75,1
85,41,1
801,55,1
571,44,1
898,30,2
251,102,3
324,26,4
828,61,2
833,37,2
448,100,2
432,52,3
886,23,2
576,36,4
34,41,1
579,55,1
209,98,1
830,107,1
199,17,2
835,28,4
79,93,4
32,61,2
87,44,4
232,88,4
77,78,3
735,39,2
544,120,2
432,113,3
169,94,1
810,95,1
583,96,3
465,53,2
821,111,2
138,63,2
590,120,2
892,108,2
303,89,2
32,1,4
166,58,2
110,35,3
835,84,2
583,66,2
676,44,1
228,116,1
31,65,2
744,12,4
778,24,2
532,78,3
520,38,4
34,67,2
423,65,2
24,48,1
216,113,3
55,111,2
26,53,2
281,9,1
327,116,1
495,61,2
339,58,2
632,75,4
423,63,3
659,25,2
299,38,4
85,26,1
209,78,1
248,37,2
211,86,3
413,57,4
526,22,3
495,85,4
292,22,3
669,114,2
821,14,3
810,24,2
111,33,2
73,24,3
197,61,1
216,59,2
423,69,2
40,33,3
537,1,1
650,48,3
466,108,1
676,67,2
248,77,3
710,43,2
32,101,3
808,37,3
313,54,2
339,83,2
79,68,5
898,13,5
266,72,2
828,93,4
236,9,2
828,82,4
205,120,2
40,42,1
236,34,4
784,58,1
532,35,3
543,4,1
399,116,1
466,117,2
98,46,3
97,51,2
450,116,1
795,98,1
523,28,2
487,118,1
466,108,1
413,76,4
537,95,1
833,105,3
50,7,2
487,97,2
757,9,1
658,91,5
310,90,1
175,90,3
66,58,2
665,27,4
494,19,2
546,13,1
650,22,3
517,97,3
364,32,2
276,109,4
604,87,3
801,105,1
329,111,2
71,49,1
827,13,4
523,28,2
732,111,2
216,102,3
87,101,3
534,71,2
519,78,3
197,120,2
833,42,3
397,118,2
665,84,3
368,72,2
463,5,3
450,34,3
544,19,3
32,94,4
67,92,1
399,63,2
482,61,2
169,76,3
833,96,3
802,58,1
463,13,2
653,25,2
778,42,1
746,74,1
295,114,2
802,32,2
87,34,4
397,67,3
175,81,1
519,83,1
844,5,3
361,50,2
205,109,2
616,1,2
466,10,2
110,16,2
68,27,2
650,105,3
66,32,1
347,11,2
68,15,2
240,68,1
216,57,3
626,54,2
450,59,2
537,39,2
669,17,3
85,100,3
276,108,4
795,29,1
454,38,1
240,22,1
775,87,2
534,104,1
399,77,3
362,108,4
482,90,4
589,63,2
513,25,2
406,73,2
526,113,3
66,9,2
626,22,3
486,88,2
432,14,3
67,24,3
544,100,2
808,72,2
835,16,4
138,61,1
353,28,2
790,71,2
450,21,3
780,32,1
210,20,3
895,60,4
627,9,1
830,80,1
329,53,4
40,23,1
209,107,1
382,77,1
45,74,1
197,97,3
591,85,3
292,119,3
810,74,1
584,15,4
219,11,2
886,106,3
466,48,1
830,16,1
83,65,2
830,11,1
833,12,3
67,36,2
405,27,3
449,21,1
345,77,3
584,44,4
744,1,4
775,110,1
111,16,2
520,98,4
801,86,1
61,93,3
589,54,2
895,37,3
85,1,1
627,17,3
67,84,4
327,4,3
689,6,2
534,102,3
589,20,3
757,25,2
543,22,1
73,82,3
513,96,5
441,15,2
591,84,4
345,10,3
67,88,2
368,57,5
808,41,4
345,11,2
345,26,3
828,120,4
324,9,2
292,56,3
775,51,1
526,11,2
423,110,1
232,98,4
833,53,2
670,98,2
801,116,2
694,76,2
209,117,2
463,69,3
577,37,2
303,109,2
322,51,2
526,34,3
71,109,1
368,32,4
898,52,4
886,117,2
746,22,3
579,2,2
219,57,3
659,9,2
347,45,2
431,57,3
895,57,5
790,58,1
519,9,1
79,101,3
579,90,1
463,59,2
537,54,1
405,105,3
514,60,2
584,85,4
68,39,2
97,119,3
175,102,3
694,69,3
353,117,2
391,95,2
423,120,1
31,40,3
24,19,2
211,88,2
571,31,1
169,20,1
97,10,3
543,30,2
138,91,3
712,7,1
745,120,1
219,17,3
710,38,2
495,2,3
121,40,2
892,2,3
399,105,3
604,110,2
833,36,2
432,24,3
802,60,3
209,48,1
577,113,3
315,112,3
463,70,3
339,4,4
844,120,2
299,114,4
34,117,2
752,110,2
658,8,4
517,55,5
24,37,1
315,55,3
626,7,1
757,28,3
778,93,1
431,84,4
752,61,1
744,75,4
744,114,4
66,23,1
209,11,1
780,56,2
532,87,3
450,60,4
315,84,4
676,27,1
382,44,1
886,111,2
775,35,2
212,72,2
87,92,3
665,105,5
61,114,2
694,82,3
399,12,3
534,29,3
292,85,3
276,74,4
835,96,5
55,33,2
26,43,2
441,18,1
197,53,2
802,37,2
276,40,4
487,67,2
371,120,2
670,61,1
78,11,2
50,48,5
85,56,2
111,114,2
334,56,2
55,20,3
361,115,2
219,24,3
670,79,2
740,108,1
85,89,3
212,38,2
892,15,3
197,95,2
537,25,2
653,104,2
735,76,3
405,60,4
895,92,3
26,43,2
523,56,2
83,41,4
802,82,3
550,102,3
445,21,3
87,39,3
833,80,2
694,75,2
520,41,4
584,106,4
669,42,3
752,47,2
137,14,3
197,10,3
526,17,3
632,113,4
584,97,3
519,111,2
828,115,2
627,114,2
896,94,2
486,116,1
142,101,2
790,72,2
216,115,3
520,58,2
345,30,2
650,56,4
413,24,3
449,52,1
73,44,2
513,120,4
875,35,3
397,38,2
740,119,2
299,25,2
216,1,2
405,54,2
169,98,1
329,104,4
526,37,2
77,59,2
466,21,1
448,20,3
313,59,2
735,34,1
778,81,3
546,66,1
371,100,2
632,51,4
31,111,2
674,12,3
441,33,3
710,70,3
110,29,3
405,57,3
399,13,2
583,36,2
399,79,2
465,76,2
790,55,3
32,107,4
534,97,3
110,92,1
300,5,3
627,119,3
732,25,2
742,81,1
34,107,1
228,34,3
399,46,3
584,1,4
371,56,3
50,99,5
744,84,3
571,111,2
576,118,4
303,20,3
142,6,3
362,22,4
896,40,2
240,94,1
361,4,1
441,1,1
31,43,1
322,24,3
322,34,3
85,1,1
6,106,3
494,5,2
353,81,3
228,1,2
821,69,3
71,11,1
166,56,2
310,110,1
875,49,3
670,9,1
303,114,2
405,77,3
399,56,3
827,104,5
802,28,3
775,114,1
886,69,3
397,62,2
97,48,3
251,117,2
216,76,1
616,23,2
543,46,1
676,66,1
292,65,2
261,19,3
6,106,3
886,51,2
110,103,2
399,100,2
67,18,2
835,49,4
757,80,2
821,5,3
780,113,1
97,2,3
251,89,2
519,25,2
199,120,1
658,17,4
627,95,2
31,118,1
73,31,2
97,50,3
300,38,2
299,38,4
449,20,1
212,99,3
34,103,3
98,22,3
463,54,2
450,34,3
742,88,2
732,19,3
577,33,2
537,53,1
712,61,1
368,107,4
650,35,3
830,38,1
219,81,1
659,65,2
550,72,2
450,96,3
659,97,2
24,101,1
576,54,4
735,78,1
486,36,2
732,58,1
34,101,1
589,4,3
205,57,3
740,63,3
251,80,2
591,110,2
689,1,1
361,94,1
616,26,3
487,98,1
534,44,2
577,86,3
310,49,1
251,15,3
488,13,1
382,53,1
441,101,1
313,118,2
79,48,5
34,8,1
676,115,2
589,113,3
137,85,3
579,81,3
746,48,3
32,111,2
579,16,1
236,75,4
31,44,1
658,80,3
276,44,4
64,13,2
833,106,3
137,32,2
87,104,5
232,32,4
466,89,3
26,109,2
488,61,2
579,63,3
406,101,4
26,113,3
83,61,2
364,57,3
292,119,3
886,15,3
896,64,3
405,39,1
658,67,3
405,52,3
228,59,2
303,116,1
34,21,1
362,64,4
399,46,3
334,9,2
892,49,3
732,48,3
334,109,1
205,99,3
368,5,4
544,23,2
199,86,1
77,2,3
833,51,2
526,66,2
577,26,3
432,102,3
138,120,2
740,62,1
142,87,3
650,26,3
329,30,2
658,102,4
140,19,3
64,69,3
454,89,3
577,16,2
199,53,1
79,39,3
482,73,2
735,81,3
219,2,3
248,80,2
324,105,5
441,85,2
448,95,2
604,41,3
653,113,1
382,9,2
77,35,3
550,75,2
534,35,3
517,32,4
310,63,3
431,29,3
448,35,3
495,48,5
838,110,4
784,3,3
465,71,2
166,6,2
670,106,3
138,75,2
