id,price
1917300105,150202.946475178
2781280300,361432.12968301773
2310110230,341820.07576951385
8944300110,211197.79530842602
4232401265,799061.8531948924
3629990020,319123.1205878854
2767603026,294129.75914150476
1736800920,516064.784176141
9510400100,415298.7012555748
3682000060,580038.1689486802
3295900490,435485.47220119834
5151200290,367063.06391090155
321049090,316584.17832666636
5300200050,273485.60273848474
293600080,282326.4478748143
7446500010,841889.2953468561
3744000150,503634.01393696666
3296000040,584427.9699276835
3352402272,289596.5428452641
5457300696,619694.3511532992
4036800900,362489.3180000186
2329600040,231755.713023901
2141340040,710471.9811404347
2619950070,639439.0824473798
7708200600,496123.62328866124
6338000592,494600.7351347804
5072300210,460354.2249185592
4216500110,721208.2264546454
5693500846,494940.58971458673
3630030110,399146.4739866257
3876540780,200729.1576667726
9536601295,508027.2172321975
3278600240,379447.80192899704
685000160,566385.1998766214
8562501040,401804.2897169292
6117500980,522155.2651207745
6329000380,365516.7203962654
1796360870,193390.76750966907
7200080,307608.22175851464
2555900030,442463.1010633707
6372000101,480472.6868957579
9406450090,341924.60899972916
739800070,269860.1950042099
3009800015,466770.90795460343
4319200505,418905.33385908604
6140100022,536421.1971191913
7129302555,334875.41936405003
3526059115,483487.8660479039
7888000390,118210.96255713701
2588800006,259967.08776201308
5560001130,176165.04193274677
4140090420,767504.3981337249
3793501400,346432.1987746954
5101406536,427283.6659016162
2767600985,421141.3036579788
3750605349,244132.8656835705
3080000005,418831.6796570718
7697800040,609848.475289911
8682290100,486657.8711824417
3800000160,710220.5982478261
6181700250,394753.90256254375
9268850290,459707.04549209774
6623400135,344055.47218316793
2391600335,688032.0410738736
34001160,500760.65401281416
1782500065,481250.16535016894
1930300915,415320.12724234164
1925069183,461144.7747902572
2172000035,169163.23073755205
3886902445,354029.1380927861
5245600105,191374.14306995273
3905100210,382687.2246900797
7202331420,527419.3929751962
2887950110,230176.8240004778
3095000095,538034.2965591699
1446400564,207376.32300433517
7199330370,362339.6374716759
9512500380,394426.38109208643
1250202285,718155.1421586871
7203101260,440930.0337873101
3332500085,556135.6085527837
9284801845,267741.81182843447
7520000616,330874.96635103226
5013500110,325890.24766387045
1862400522,554224.5207823217
6666830170,601386.0860410929
2126049154,432992.93124218285
5253300173,348716.3848553002
8563040160,553950.1139986813
5318101765,731570.4230991304
3797000830,422558.8518266976
8562740370,640586.2377194762
6378500230,487033.7895104587
3204400040,267733.94044709206
1862400292,368472.6149262786
9353300820,312755.1778046638
7905380380,449127.6289177686
1445200190,407702.54745456576
7893808220,160870.97070091963
3560800040,330676.93105483055
5450500010,896665.9399522841
8638500170,376026.30153669417
2872100345,1184749.3722943515
1917300025,92618.4724368751
3582750120,633107.5684590638
3544400045,695738.6953191757
1238500978,346328.3135790527
9206950110,354655.1160852313
2624049035,573852.472389847
2902200874,735402.1058320105
1775920340,378200.97305703163
8700100010,318388.70608243346
7399000230,477992.2865334898
9510900270,306402.6189292073
1432400525,313912.82986971736
982850120,529251.2551583201
6306800020,555664.7043264657
8670000060,598446.886354357
1370801435,876577.0352628678
5015001680,502204.60643595457
1370802540,936490.1270859689
3574750150,676638.7354984283
9471201110,897269.6082997471
2558600130,433945.8842742145
2824059043,510432.7131341398
2287000280,546010.4101670682
9429400170,560034.8733356297
1137500090,644662.5784297585
5467910140,429155.3961343318
9523102660,571795.8850852102
7338000150,119602.77941666543
2346200050,683317.0553403497
3329530030,296715.2900800109
626049091,336934.76158335805
5706500385,147974.32787539065
4038200120,399552.353036046
1066600045,371525.3930540383
1563103040,452943.9350079894
7212651950,402488.8584263772
8581200160,221779.8099065721
5393600507,195710.13608172536
3574900030,607632.6296367049
9126100608,585305.9855247438
9393700065,442922.45340661705
4023500118,451548.8819836974
4123830070,287435.259275049
8690800130,466420.89802725613
810000080,900174.4168197811
9828701747,391818.37720122933
5438000280,370411.7734530568
1459920190,339403.00659139454
1311200380,295442.7135095
5089700260,413744.41325601935
8682291390,646908.8023460209
2155500030,388943.88280822337
3856901525,582890.2901448756
7853302110,415474.5112699419
7518506715,1042412.1473173052
9221400335,652840.0314117372
6681500150,681611.6661273539
6414100025,614671.5547475517
1387300070,426360.32607996464
8155820080,343141.5491937399
2212901010,230817.4226396382
6383000790,765265.8969078213
3904100035,408973.14968036115
3876311180,425601.6955419779
8700110020,300072.5293994546
3832500260,302626.097756505
1842300050,490139.59092497826
5309100450,493296.0080868602
1868901120,590059.1371422857
259100110,639291.3853116333
1433100010,274392.8713953495
2505500009,599490.986669153
4443800110,523581.03451010585
1898700050,253360.62616422772
1446400648,184580.6042588055
6821101870,395074.68479655683
2026049124,471308.8860026896
871001105,803630.0680218637
2917200085,525699.7070940435
1887500045,356588.75846394897
8731951370,385243.0210503638
6150200060,484348.56575782597
798000145,277680.91115053
2064800600,317087.49023121595
2356800020,372648.43061316013
3861440010,260856.67254516482
1566100595,424504.3508248925
9209900270,415583.91307656467
7905200310,452936.5295382738
3432501295,360308.78937256336
5089700300,501496.01768010855
8649900480,774546.7717948556
2877101031,530316.702555418
3448740160,412786.97027376294
8068000305,185741.7779236734
5166700055,475457.31485906243
9547200340,629703.8667777777
1545807280,198317.3446417153
3995700250,464041.869584322
7853410170,466270.1079387218
3542300060,239996.6156500578
5205000250,422509.4769153595
3630090050,913198.22532022
8945100320,203982.07863080502
7461400400,321278.24477538466
3424069154,304683.5753482729
1994200031,482449.4842392206
8645501330,359504.5876291394
3034200198,789052.8882536739
4058200985,519767.74142062664
1775900140,508844.9365647435
1774000780,465874.5257771015
8651442520,266318.96450534463
9476200680,380305.08585593104
6412600005,437171.76937809587
7686203195,228550.20095993578
9533100145,386822.6440794319
3362400125,355718.70140874386
686530170,498842.59833082557
3277801450,343261.1818676591
2201500185,341839.4606204331
393000311,491381.43091121316
7278700070,674760.4712971747
4221250320,464011.81193852425
7202260300,605541.3932270557
2425059144,484585.06169712543
3797001900,514851.7781215757
3797002575,622001.4572941214
4039500610,407477.7312030196
1241500155,547767.349151358
4337000160,172353.20253956318
259800410,430148.6204649508
5466410030,231929.94428153336
3500100209,354213.0675832927
3319500317,312160.9551240802
3626039207,504542.7334882617
4364700595,287656.1929574609
5450300195,675034.8309033513
9560700010,534324.61040622
4219400465,984010.9529867172
1773600264,997679.7150822282
1541700240,386623.13021966815
7843500090,287768.0004080236
4388000070,260187.08329746127
9287801455,519638.5766451955
1236300214,573769.7482735217
6821102100,392770.5489933342
3793400360,505166.1119630933
1081310060,387495.2983081341
8010100135,552738.1628329307
8651511250,514011.232919991
2985800030,319866.83340764046
809003085,855750.6328264475
6632300567,650103.8277104795
3825311210,741398.026229471
1423049029,287791.3335881531
7215730200,430385.27782407403
4366700140,72871.73466400802
7272000260,201399.62384557724
9478500570,335045.8487456143
5104510210,260791.13207650185
9542000030,934801.3594602048
5379805910,261105.3750386387
4006000509,334396.0981501192
8934100125,835820.0323146582
2872900390,401263.3241767287
8079010310,490674.04148739576
3298200620,303609.04460150003
2297400020,477277.6521012187
1545806980,190522.12386649847
1778500595,692962.6821163446
4406000560,229430.57124772668
8925100390,870125.9045916945
2487200490,716303.0391821265
8732000410,286614.9338363707
2521039066,336470.4415574074
4174600386,405353.4575083256
318500300,608454.4989734888
4077800582,382169.6338419765
7331900290,262877.28966104984
5379806590,241784.6207755506
2329800430,261338.15484519303
2595300210,287916.3932569921
1560870040,445252.21416056156
5137800030,327430.2410647869
5459500100,577627.9492941648
3876200070,541384.2181972265
8563030500,723561.9272109121
7227501765,394352.51027810574
1737300110,643206.9718170017
4337000070,206495.43856336176
8687800100,304876.5936011076
1823049182,250406.63601726294
1070000110,664919.8873194307
3629920030,386019.6326969415
7504400620,470403.50219115615
2493200195,597996.4429199547
2781250110,323499.3402867466
9284801435,424724.3272397518
6073240060,482989.8824546337
5332200405,864622.7668694556
2644900149,443636.8767527491
1180003435,250923.1653959006
3649100346,588569.7926249504
7549801140,236712.04577186704
3530440140,279571.64391085505
1529300115,578575.2964080274
8078050040,183905.7932933271
5693500760,611796.3116489202
9268851020,542891.4284590036
7889601165,298193.3434049189
3343903647,528349.9499755502
8078570380,329785.0343320966
8146100370,562648.6619826555
937000280,143309.53115445375
1839500115,393817.76701170206
3810000020,299741.5536621511
1431700280,462740.6692660153
1900600015,343314.77110543847
9900000190,227729.36371585727
1117000050,334976.79213401675
1787600224,467604.8742927015
513000585,671980.4076856226
9528102060,538469.4405707419
1233100642,532660.0901117325
8106300090,807531.1240749657
4443801495,635607.3418129086
5430300106,493962.00071018934
5569620410,754199.8816665113
7454001120,225519.56369028986
6131600285,209099.6283262372
6666830250,569861.0907699466
3124049171,309037.50108109415
2475900855,272794.0175252259
8645540320,290091.5749859512
2264500350,429357.6313204169
7856620870,974758.3652614951
9578501030,620317.7504774034
3528900771,627385.9519974887
1250200495,353638.5666371286
7231501665,351219.62529730797
2459960030,330291.0004655123
3363900280,521585.1330177188
2461900850,434804.15056055784
5634500179,438169.04848220944
7011200515,763022.4148063362
1313500090,181647.20788884163
5528600050,373506.95092493296
3791500050,272876.9414395839
263000325,485605.68233639
1545803390,226419.7387420833
1921059045,256358.1389323026
9523100026,698439.7402637303
4302200535,247725.31607490778
6178930340,654833.7896746099
6003001760,819554.539565444
9521100867,421888.6968202591
1205000215,491895.639026314
6056111370,321775.0439851731
8911000445,369400.55785277486
1953400510,240177.18672916293
1604601855,227171.2960410118
7304300906,357890.1979262531
8718500260,595238.7040858865
4385701440,542150.0057658851
748000145,450818.451053977
9842300540,368095.70584082603
7853370620,504775.9806653559
6822100310,552316.6985797584
2459500070,237496.98285619915
7972601445,660524.5236461461
5693500270,712826.8953461647
2877103111,621639.1368176043
2896400210,524715.4105090499
6817750440,389071.65114048123
5029000120,370097.0044493675
2397101055,783573.4472483695
4060000440,171204.4272160232
7100000135,242384.25292015076
3028200080,165486.13167199492
3157600075,384304.3305553198
1568100387,425968.3032913208
6021501685,508651.36000038683
6381501965,470942.82350739837
2991000220,323010.1023378968
9828700005,397168.78695705533
4038800580,452499.9635723531
8850000517,519435.11717277765
8950500250,628726.8148809671
2968801240,290928.83103629947
4365200865,397176.07866586745
4331000130,267416.4407207966
323059167,327055.3032978475
6675500070,433164.21464529634
1683500140,187395.9690697044
6743700030,663954.7344958037
2880100240,482071.2033981979
5249803645,273662.8349904418
8016300240,652327.1897841543
8651511220,450064.5859825313
6084200060,391974.8791719973
9206200110,424693.0771421492
1566100010,400181.2177031636
8563080020,907017.7004487514
8682292020,479707.5063098073
7856610200,899519.3681375086
7504001340,600437.1933826357
1402950100,331493.04750567675
2473530150,428792.8484442234
425049036,600906.0525158644
1231000458,644101.0522228181
148000590,567794.9054351449
1771110640,393781.5510699153
3216900060,392941.53615900874
7568700740,595804.5206708312
5592900230,332048.1350362003
6413100090,387414.82597619295
7202270830,476132.57584922016
1386800054,272769.9168712795
7202340450,402345.01576673985
3332500095,379934.4732437581
9482700455,686387.0380557477
6632300478,385318.3888389617
7424600020,532910.6030151546
6821101765,451199.45781612396
5101407790,385765.97252871096
7856610160,706500.3406431824
1090000036,771472.4145258069
319500080,640077.6317625046
3438500677,316154.8723219335
9178601000,587876.7211415917
1951700700,562130.3170588613
7888400560,235204.71631349623
3291800510,306704.7520675957
2785000290,598434.7215335965
7222000244,566214.6562951803
5637200150,328987.19415035844
3889100027,783277.8811000288
3330501120,356999.3613500893
9347300010,401195.5059364885
3626039250,420825.2976027131
8078430030,430699.521799773
2508000020,311366.3442068398
1760650950,343448.9011206031
3905100380,461187.004135713
6145601599,340307.7150359154
7129303045,620839.1638255715
8682320900,537409.987054199
9545220100,464532.27169278264
7212660640,378339.2823111266
6817750340,386117.1794928163
1036000280,730898.1615364999
1521069070,134583.0853537917
1224049080,566609.2421593666
621069113,163980.45605105162
9268200585,419853.1804779321
9268850180,355350.2675279528
7304301045,359858.9692084789
8024201055,416946.4219481945
2130400150,367643.94847643375
7577700521,515923.9693426788
5468770250,336521.9342947304
3222049024,345176.1735609025
1819800042,513264.4117209017
8086000201,606722.7692464292
4024700100,336699.02293618023
9547200790,653851.1334992498
8141310080,234119.73852050304
7237300290,333722.9992109388
2787720170,385935.7520286143
3501100280,297631.3226802945
3501600185,454817.6095946878
629500170,645248.6588696092
2407000110,289600.20457720757
2678100005,382723.37814594805
7972603385,247604.7741356045
2207500200,585929.2589455843
1455600015,803024.8594214618
644200065,696324.4702298045
3229200040,307519.8098561913
2843200070,246142.07717251778
1646500810,524375.6229534149
934300140,277349.144413352
952002250,500391.1528356075
6821102367,662454.7492731214
2769602135,421715.38930146396
7853301240,372349.0885435641
7968000120,282398.90911087394
1024049006,850384.8663952351
3298500690,349035.3452717364
7852090810,444170.28996399045
3157600240,713985.620467186
9477101280,502329.49989044666
3845100620,427687.8466024697
9191200380,625536.4889701009
3438500339,302837.00286147
3876312840,458556.91617040336
4336000050,213527.23879548907
2780700050,596615.9374226332
6139800390,502158.4510047287
5016002240,697988.3771783859
8807810090,363465.5063649118
1695900060,584590.0029806495
1545803980,223731.71323511004
3459100300,501911.20292167366
8651401960,187352.70515859127
1839920180,484974.0767019093
6145600285,404763.0881833881
1245001763,584180.2749461085
5700000905,603066.2680970728
5100400244,257448.6703337729
8650000070,522085.8555992842
6840701125,721577.3360864222
7548301056,416281.88296729326
2212200100,330346.72643868625
8731980440,402851.36037001014
476000118,463878.8957592249
2131701240,467352.01429897547
2867100007,547877.1092346311
2817100040,408571.1129383743
5276200020,686911.5636613667
1753500100,277955.7206314802
3782100155,327454.1816573441
6880200030,223154.01724806428
2004100075,397807.2144753635
7212660560,360487.91563344
1545800290,246595.05233618617
2742100009,343689.03321647644
8857320030,675473.3013042212
217700050,562219.9872666597
8901000543,622829.4862384796
9126101121,458305.6270546615
7015200136,1012465.0027159154
8731901810,435468.6710552275
2591800340,462887.4962387979
7316400070,422714.60754063725
7715600050,445669.41393619776
1771000950,371196.9540337175
9412700160,313367.5357019007
7796450190,323019.2030122131
6414100026,515124.53565873206
8856004328,282106.2883313596
2143700861,381869.6891106516
1895000260,354995.7235826254
4443800375,370171.81442683935
2608300030,368313.87481316924
6891800500,979603.0563264191
1241900028,833126.2810516655
2488200455,385947.7658536583
4036801315,427193.93045918643
3066410850,676117.5946453959
3905040780,502181.94336006045
4058800135,371144.3314073682
2207200635,387035.5465731919
2651100050,375280.1863091588
7764200030,555010.9047956318
123039570,379960.2015595138
6385000025,389202.7798136771
6929603207,187554.0156892389
2310110070,380971.4666983485
3832710960,298645.3188149333
9406520830,257999.8237992823
9492500170,808253.7175924778
7889600230,221643.31036517024
6666800180,733629.808080107
2895600350,408637.8632377088
4006000580,329652.4154318571
3905040060,469169.8690032363
4325700085,440062.60373419523
9164100040,406652.63076770306
1422200090,532475.3547842205
3298200320,353204.2110015899
2553300120,680161.9553401172
2249500367,583309.8611457944
7889600190,292294.46029669046
7697100030,480736.743081823
7702080110,791119.4050661474
8078570390,339939.4721298814
6450303820,311045.80283114314
1781500155,503045.34593833983
3810000465,384276.1894842088
513000665,513745.1324958205
6169901095,935487.8767505288
5100401060,684827.7835267633
1424200070,690960.2585594207
1445200050,427401.73596185446
1938400300,401305.7535318434
1311600020,313461.96495459974
3342103156,765400.3455157876
4307301160,379108.6617449522
2781230080,602960.481008023
2730000070,189713.15560016036
1705400244,449552.4873854816
7299600140,280759.87952306867
7796450340,401059.5456906557
807800020,382028.2882426977
2022059308,384434.2989369631
9521100866,431445.17106211185
5647900120,229688.5123232901
5267000180,479475.4903051257
1077100020,479223.35174405575
4030500130,348606.1054481268
8589100090,322986.5294609666
625049318,518292.0121612251
2868900020,171687.83969159424
2890100060,441962.17430108786
9523100459,618737.9241628051
2490200320,545782.1818817556
5453700020,617223.7754510939
616000160,394970.4917355776
3094000210,306935.92804920673
3630010040,370660.59064763784
3674400035,188237.79176807404
7212660520,257597.78176780045
2558690130,514917.7597158551
6648500390,358864.5220695138
5637500094,544467.5316621959
943100262,257644.04193985462
4017050260,741197.2799312174
399000025,258127.25368762016
5379804470,197015.74669018388
8651441520,124012.44363433123
8731980880,524186.24193251133
9268200658,363904.9973606467
4222200210,251625.1905555129
2473420100,338192.09543435276
6021503740,497941.3904066086
8562770350,664247.9207174182
6649250410,509001.2820492387
1172000135,540590.0920675248
3374500240,484732.2169113457
2407000405,222506.12566816807
6819100040,646172.428313762
2206700280,346271.7958962321
290000075,394091.10125362873
452001570,477433.9593204856
2025049028,389029.43714642525
4128000020,417583.1535207033
1117000150,526317.6629478633
419000035,226618.8825316131
4459800075,692640.2293370664
686450210,545871.6140317321
3826000550,195524.79571914673
203900380,270265.64924763143
6802200110,104072.65484209359
8944320280,446471.8714238405
7300400170,326065.72528496385
1592000260,630953.4079905003
8024200855,462695.9596513808
2207100405,483418.91295036674
2781230020,517854.26456464827
1786830060,600943.7234941572
1972205633,553889.5111540556
9129100040,1235898.5934765935
1862400528,499577.8424346745
5306100240,446631.9319438338
6624010010,281884.00814791024
6414100671,574921.7848025262
7831800110,436990.1833103895
2558690150,503520.1417901218
3271300365,792062.2387961596
3902100175,757604.9297093749
3579700015,498103.12387239933
7788400180,297757.2397393286
9492500160,859344.4802328646
4310702838,475602.3615950197
2787311190,307958.70300894976
1438000430,463981.1719427407
5468780250,356419.950650692
9264450550,366111.14607700706
2423020010,401808.02094964683
1854900410,508525.475025326
2193320450,627292.0892276466
5255300150,635126.680755049
5207200160,600551.7743106484
5130000080,734658.5029086173
7972602080,221958.26787678897
2767604212,452574.3498594761
2571910160,178421.20135605335
7646900360,376627.8994370848
579003645,817637.8976710141
8822900122,431697.7852038443
4383500030,167407.1658346206
1250202660,653450.6715494394
2771600350,577706.1435233653
952004745,300516.46297234297
8125200273,232150.8072578907
421000555,194880.05887809396
1786630160,398899.40843591094
7905370390,470738.650619179
2144800146,305323.1289578378
7437100770,229468.9729078114
8854000370,773798.1674069464
3343901403,604705.5358597934
7202290620,425633.7699057758
3253500160,596889.8519069403
1423049019,114004.56197178364
2473450200,464243.3872757256
6852700097,474169.74661904573
6431000196,482202.4552143216
8941800100,920034.16737777
2473002700,580488.5804974586
6386300120,268013.30058550835
1471701470,270085.7638890743
7202330270,401175.06582662463
4040400200,559971.135547936
1775800510,372999.957815662
2141330700,569708.5262698829
3438501862,333596.42327804863
5104510010,272046.3367277682
5272200005,421673.65915443003
7549802600,346767.57574540377
7852110740,595049.9683180153
1773100561,383918.7503039837
686300930,535496.4097288549
686400210,541697.0544578731
9269750010,229166.41480913758
1921059213,262835.9646271467
6021502310,475958.0744870454
1865000110,433796.2273155153
6149700197,466441.84757196903
2997800075,611735.6197471321
4235401055,407179.8660979718
3066200440,612448.1792935133
6163901271,397218.88406068087
3558910490,458470.31318488717
1036400100,635159.106733501
7883603190,361886.7801119834
4099500935,549570.20585154
2128000180,578178.8401899636
9528101061,445295.5019233823
5127000810,375396.99842119217
2770605548,880952.9294959158
7813200115,187805.8008506894
7613700270,865890.9588201046
2771101921,315269.6230532825
2838000030,625470.6288755238
4217400420,853502.3992631882
395300650,356649.6878045052
7338001190,198789.0580907762
259801110,381645.35868665576
2599000130,185790.5044068843
7501000080,1001688.8714779019
6303400475,215021.49164246023
1862400176,735012.9527343065
2114700384,346167.1180483103
4083301950,531729.0696767867
8078390150,631618.3900164813
6204050080,920707.012920022
5332200515,766816.5983139873
2916600110,258913.9815365821
8944290160,262460.9521357268
7148700160,489648.23821127415
8648100130,352013.442038849
3904980360,436304.32225212455
616000200,453962.61692866683
7923600250,491415.17141512036
3530450100,148296.7918935567
3826000070,193214.6718583703
5469000100,490080.89938652515
3448720020,366374.67455640435
4083302225,864110.433390677
1822500160,421072.87012405694
1274500060,158921.05997641385
9523100550,744732.7145036459
3530540090,231159.75677359104
8024200681,482769.6620206833
7996720050,888064.4939550459
2475200370,298085.9626827687
714000195,433641.4376501441
5255690100,690742.8838726878
8635760490,438091.0119160116
5101408889,774957.1616167426
3764390100,559890.7638905048
7796600070,258353.43808990717
567000672,306350.5674935281
7312400325,316204.26816412807
3987700115,559787.0843155682
7589200191,700759.7814771831
1708400595,464345.4641713649
739800250,276376.79786127806
1329500120,402589.13920357823
3299200075,560583.9492447972
4139400710,753857.6893408
3304030220,616208.503076613
2892700041,409197.874029696
1529300160,462898.8785007298
616000140,297079.67651063204
2770601457,594052.383100003
513000550,550615.6019993126
3210700170,519986.10205189884
7893206305,252777.13616597652
3356403820,119087.3658337295
1088700100,935251.3031441569
6414600260,345348.05793890357
9264910100,463165.82376909256
1610000016,226502.5645135343
844000225,249034.00447791815
7888100240,233936.77525152266
2013800095,199167.4057557881
7429000130,660839.4889838398
7893205525,231741.36936461926
2241700075,348113.8367009461
226039316,1010486.0248395801
7511800070,296263.6535860002
5072400100,510760.88600182533
8857640860,402328.51000857353
8143000490,416112.3634953946
9320700090,329122.9017537534
9320900420,159714.42446812987
8956500020,289591.64679038525
1972200698,490121.40316319466
2329600280,283605.287233606
2473100510,264948.20702275634
5652600069,491225.0201936215
1732800199,755715.1840015054
6632900340,408969.6065122187
5540800100,372017.7859315425
2966800010,314859.31719487906
7202260210,586152.7681809068
6134500220,529823.3182129264
7370600050,493388.5498598963
2174503441,461347.8867864609
9272201704,330695.20526206493
8024202170,643436.7060677707
4442800008,446098.6798931062
2822059091,502044.09403298795
2770601462,494491.81443350017
9432900380,217961.55722779036
4136900250,243664.48993360996
7905200037,489574.80862364173
441000115,358432.688280046
3904901570,359276.5276455134
7140600225,182883.15852734447
8029550160,437334.24825662374
6648500580,402189.1868876815
739980360,342433.3829411864
8673400020,555269.2594958246
1790000080,515815.81268782914
4322200220,543480.2732705176
3732800525,371721.70380422473
1938400010,341126.1897223443
5466750140,268093.8334580511
5101404482,669366.9882055819
8898700960,309124.2897001505
1061400180,326569.77454671264
423059207,283746.57442206144
8681660060,688488.6716451198
1972201550,548434.4944695234
8731801260,304002.094555974
2767604724,513545.66577622294
7203101970,422194.91848905385
3331001165,287864.4604239762
5126300060,488344.824829787
4365200860,263506.46737647057
200800200,579581.034841299
6372000155,527027.5460590571
7237301010,322836.1612074077
8562780530,265891.0104638636
868000575,979759.1745090038
6163900301,428268.2217247188
510002065,687371.5485004187
3630200640,603961.558434695
9268850030,478494.0589758605
1329300480,436531.782611534
9421500070,534261.4714479297
6082400260,306983.6762956679
249000115,403689.302488327
4137050130,237950.1903578639
1786200010,535593.8853235245
1099600250,291145.09122528136
3438500796,330588.68502637744
1926049355,509357.08475869894
4459800100,520558.86995470524
6666830120,578189.6830718815
8732300430,756351.7653067112
6681500080,561959.7708761543
7893202340,278057.05899879336
6430500086,384677.38012573123
8564700240,654185.8365170509
5104450070,540311.8235179484
2525300030,146813.08279162645
4348800030,441945.62013316154
7905200381,421623.4501115382
4222300040,268642.8449821174
7137910360,149755.71234564483
1105000233,298980.3681522757
1441800010,543255.5742118955
6705870040,602806.1862184703
3830630090,244809.16412451863
2424039036,397815.2127134651
9358000780,368175.50812000036
3585210200,441843.5533416271
3204800200,889922.9317635149
235000075,679261.6055141836
1088020070,548365.3596120477
2891100820,224943.19894847274
6619910240,601710.908771351
9485760050,345710.1453500092
9188200505,365703.4719109684
5418500650,615731.9439888597
3298300210,294306.3719985783
8860500300,402709.0776284486
1189000245,558006.4014446735
5028600550,215459.27098843455
5634500415,574273.4461850226
4022900077,660005.2411765754
2660500095,525392.6396843493
9413600420,596767.7094462365
5706202070,401954.86913722754
3432500486,387851.09310142696
9477201150,418734.77133089304
8045000340,471115.4269874096
9536600105,370800.9411612153
7399300780,372336.0030282736
8944360170,418317.27917414904
4217400185,853612.4407809675
3856902250,629115.8153490126
2960900040,439153.8303209841
2492200435,375596.661511004
6145602240,368826.3625239879
2207100650,477058.92921605706
8835200160,390059.88053931296
9485300560,407699.0501987785
6163901381,356939.50053294003
3395040550,316945.54419881105
7967000060,411570.0736578852
8562790150,916728.0370858312
6131600060,206705.7203977406
8563010420,509905.0819249749
1898600100,208800.57806372643
65000210,519921.8393856287
9528102996,524731.1444505155
3840700455,450445.7805554569
9238900390,476695.65661138296
9126100850,466855.5779606402
9478400080,696793.1140282154
7708200670,471871.9213218689
3327000070,211883.82913208008
1274500300,163596.64262470603
7568700215,452497.88528840244
2877102495,491190.69695943594
8078420230,441899.1153060198
8819900449,447419.3991795033
4123810210,319309.173966527
8691370500,697267.2284847796
8948500025,394502.9886648655
8032700075,540001.6666638553
1562000050,663995.5271325111
5466310060,267138.2492092252
7893203450,223229.56102000177
993000308,471814.77684761584
1221039156,380333.7773912698
1562100340,607129.7908954471
2781250750,146121.07813985646
7202261260,505752.83353729546
4375700055,494260.04046982527
8732040180,297625.9624951482
254000075,356742.0598574579
1494300040,443368.7374778092
3126049107,688974.9513061047
8682250350,524717.5144222677
2147300050,492385.86852642894
7955080300,244730.6863847077
7811210200,506907.9037734866
952002765,499468.9444462061
255550150,561216.6904653311
9510860560,606182.3206572682
984210590,377004.2048547566
2608300035,339261.53918755054
5151600530,595656.769641608
7197350070,403466.0714840591
1245001659,647213.7221706212
7418700050,408769.3829075992
7277100510,711969.7556794286
7771300155,373863.7627784163
1944900090,328061.7466779351
8849300320,255113.9423046559
6378500105,441105.60172766447
8024202350,393292.95894929767
1559900140,453650.1799491644
6190500380,786345.4706150889
1311910300,355301.5257936716
4039701280,731684.1697377264
3885802134,628058.4821785092
3010300415,589483.5493226349
9406540050,508900.9469909072
7852060490,281275.47141966224
3307700405,405020.8969452679
8682230950,494507.505984813
2877101340,394199.82325184345
9126100814,496200.9950531572
7228501065,742230.4896247685
7304301300,342517.6966252178
8682310470,442100.4572765529
3654200037,506042.55485603213
3395040580,326983.6859393716
6072000380,513370.88026702404
2397101375,459383.9450393915
2385200050,596933.6354353726
2172000890,406610.388784796
8005100360,2622.5708320736885
3353400092,349743.26771457493
3831200200,332249.6073795557
8087800480,498699.5798557997
1310900610,465553.3681939393
2115510330,362561.52043518424
5104530220,410423.5468175411
1818800144,616926.2955971658
1433500050,602575.0490079224
7504030090,873583.2155375183
9818700645,360635.6489408314
7974200937,431208.0728716552
7732400280,714487.794483915
3131201563,417168.65687054396
8680100030,405091.4184528887
8151601190,202155.02432355285
546001060,809663.364573881
9412700550,282209.7439815998
3885807255,623289.9633932114
6802200190,110328.89474020898
7843500080,340351.7880862355
8099900490,303298.9838409722
7686205020,177139.30063432455
2487200775,482483.72797101736
9144100035,465164.71158877015
1139000215,500706.8869706094
1450100070,208023.1020833254
100300500,314982.6281184107
7852040080,457831.50418296456
7305300370,504052.50664268434
1760650290,310989.27695943415
2287000030,518479.6818282604
3990200065,313966.28899657726
3277801646,294645.9982110262
686201000,575084.2765905261
1794500695,535733.5344975889
6163901751,327039.8790651858
2652500285,719577.918022722
4040800600,424368.05550289154
9225900055,324243.8984666765
7137900320,141059.57013002038
631000040,464459.64724060893
7227502075,456058.85007722676
3955900150,378205.0346312523
7504400750,584049.5700653791
6690500320,585771.4011266232
1796370590,238264.52106654644
3526039019,743022.6595980078
1453602283,473086.63278105855
1755700090,475599.8900914788
4302200590,349532.0316284001
3303700376,672692.774119854
7893207665,158766.76717990637
5706300020,373132.5661493242
9478550110,315853.11053845286
6190701112,458747.9313451648
2310030390,225440.15221773088
5202500030,415922.31586900353
2776600002,433137.8414698094
7686202730,138779.46088591218
2880100795,527188.3235122412
8910500237,481066.8004285693
3904902430,670729.5281932056
5422420470,295322.30992537737
1186000150,551955.7177025676
8813400405,572094.9993235469
7812500180,307748.97877031565
2421039075,311585.79537923634
2599000370,113204.42420870066
2019200220,212217.24661880732
3041700570,481140.56327053905
2525000510,279201.2704755962
7811200310,491335.5566147566
9828200460,344154.56454998255
9287801150,494238.9327915013
8078350090,499939.36652103066
2970800145,339722.02781769633
1938400520,394056.32302598655
2273600260,472790.4455243945
5381000411,223885.4257760197
6003500749,605096.0480875075
6669080120,380942.8876684606
1759701600,500495.29863864183
1121000058,562785.3376523256
5015001452,829797.0822677314
431500155,521536.39576366544
2781250970,263748.3279502094
2878600655,702448.9534570426
2558660190,439612.93174889684
1565900070,111395.38401278853
3935900350,614050.5129537582
3223049158,286377.78950595856
1931300090,542720.6703649163
5700001895,1267605.6815154254
4302200336,252518.29572328925
3971700635,501785.1899982989
3776300010,1036780.961699456
3723800097,352400.9334041476
1824059079,907264.9203769565
9536601852,220006.2598360181
2212210660,273854.1734095812
9834201375,404156.79056218266
5101400838,506253.0567010194
3630200430,619709.64421314
8651402750,194586.56362235546
1246700050,417623.07560510933
4040400340,483684.9451240301
5412200180,383337.0247744471
3889100029,740227.5415355116
2843200085,273843.941737026
4449800345,491576.85519352555
8944320420,430332.8741905987
3578401060,469740.0752167553
3649100674,804605.7568496466
1972200725,631532.8200413585
7335400500,200559.25711289048
3288100100,447390.20158836246
8146100610,379470.04414248466
2895550050,314708.28416858613
7524950900,514078.0046597123
3905080250,497388.70216828585
2011400520,331765.2877521813
3920000040,350042.2457216829
9376301520,553289.6932087988
8651580310,601721.3323129714
3904902510,681318.5911664814
1105000745,429889.64950442314
273900030,304448.25435113907
2926049400,437651.90603372455
6181500120,395872.97693136334
2436700540,663402.1904928237
2581900235,688866.0430692732
9485300010,352183.69873818755
1796350690,195730.43629422784
2755200090,478368.90663561225
5415350480,754288.101018399
871001735,538537.193085432
3384300160,171000.41613969207
293720180,545528.796446085
104560540,302604.87050017715
9206950200,422404.4396056086
8856920070,393009.1500285268
8691410700,762686.729298085
1917300260,165975.71150146425
7589700106,704828.7109133005
3814400125,554478.982788533
6071600340,506882.7805212438
3013300660,594468.2735962272
1657300280,658387.4268064201
7338220280,368408.50395971537
7524950210,846500.1386143565
4024101990,444504.4411653131
7923100410,473379.4372917563
301401630,389922.1657203436
2767604253,415363.83969706297
1446404015,185300.61745806038
3589500260,653832.3429200947
6204410200,472546.6599626541
2920700220,431291.0959343612
3630080190,330965.31054773927
7812801785,247361.99009671807
2313900740,378662.662796855
8121101380,454389.8632621169
6821102346,501720.4081425965
7955040080,465151.16065096855
3279000420,226808.3437358737
1250203860,574461.0893217325
3279000370,261491.45878133178
1324300290,554761.5466817617
1250200595,521773.4414064586
193300120,212703.97896012664
8731730590,246690.13694876432
5706600170,242688.17755818367
7202271060,609263.8167287409
7640400190,650539.1401339471
7856610490,660752.2375432849
7896300070,318930.3329434097
7015200800,597783.8131241649
9828700235,586940.6376355141
7694200430,396623.5262657106
3110800260,371707.59363661706
1262700040,344390.7917034328
2525300480,198075.26225849986
6381500635,362387.6219921112
255450390,428564.3329579532
7211400615,263323.0924567878
8856960720,272647.2741469145
9407150310,363488.6929987371
8029500180,511859.74192394316
1508210100,479059.117061466
1102000514,799719.894139424
7129302685,510253.8889966309
6884800180,700653.7752864361
1326069188,488694.39250826836
1781500435,529452.1886596084
7956200220,173029.9465610087
3243100050,250714.88658073545
7518508625,702090.0280507356
7234601166,467401.5017056465
2644900109,465070.05966216326
3629970130,665672.0135875046
6372000280,472981.159006536
8731900640,471518.8116180301
9477100170,435536.9342176616
1934800022,486476.50514632463
6662410020,585961.4172949493
7904700128,414306.71644341946
3250500140,461242.86455231905
4338800500,269180.82283347845
269001360,435367.99586875737
9287800135,819175.2920893282
8091411100,311838.0857503116
5248800440,301288.28421625495
259600260,344747.1896814704
2769600480,568803.5140578747
2858600083,555620.0709075183
8899000190,329505.0566252768
1826049225,564071.8201656789
2324039036,602252.3665782809
5466300130,280753.0626076311
8559300020,605307.7129387558
9558020840,426055.425126493
6623400193,342951.30396287143
9828201920,429213.06751808524
4358700135,545471.6982575059
3037200141,493246.51246362925
9274201730,642281.0825829655
1018000276,206461.19348487258
5416500260,286160.2054722905
6300000335,1081362.986832887
2523039310,321417.14548161626
2968801105,240758.0675408244
2770602493,401442.2681029588
8074200160,347695.45558071136
1085622540,373990.2927522063
425200145,242789.97644925117
6648900005,506695.2752916962
579002600,667056.3376141787
9286100200,401043.2978488505
9839300545,631976.9494749606
8029510010,528031.1301726103
808300180,583079.5597922206
7231502505,285876.26554234326
2558630350,479235.29175433517
6386600130,242302.8133610636
2548100140,373440.6253095716
3353401710,415935.46379210055
7452500190,252115.7008935809
2652500225,658042.4471523166
5272200040,357094.1256059706
4083304700,601330.9165239036
9510900140,319607.2340902835
104550750,300174.4567735195
2722049218,372638.52068021894
1112700150,419218.3719686866
7852130410,377384.4253538102
5162100650,395718.25275218487
7576200040,719468.1599413455
952001495,406174.4276563525
9232900050,552994.5406021476
7575610760,406516.3934675157
7299601630,343678.28858201206
9417400110,359479.55157358944
2570600140,479714.4672701657
5589900610,724455.2442336231
6671900130,512686.2580242902
7899800791,333438.95751968026
5015000596,655521.4672105908
1777600450,683291.05651474
6909200575,787889.0135865957
1189000645,696715.8748180866
3629200020,877421.7577157319
408100110,495217.2568844855
3600600065,177075.75821119547
952006783,387376.66098612547
6926700660,648563.5385229886
1321700390,348778.8835141361
3797300110,324229.9956096113
3211100570,315969.42640028894
2979800762,407137.93712738156
5458800415,514529.3668344617
7305300695,845085.1701730192
6371000100,410628.4496715069
8835900015,413467.72274053097
4039500390,437311.72166390717
4058200040,378115.6700146198
3361401210,180010.99041682482
1338600090,633732.1995998323
8682292180,423939.6532652676
1558500100,534462.3815029263
2726049164,426162.3983938247
461002150,646866.0938181281
4017110200,555188.8618342131
7518507580,599507.0801139176
6777800160,467067.1736958623
1795500240,237114.76810021698
7525300240,625180.2700570524
1775920210,321817.1659039259
1180002745,352585.9264161289
6700390100,306699.94352194667
2008000420,337947.2286911607
3438500114,421620.1354213059
1180008315,216423.4820432067
2721600010,923598.7399221659
7883603425,290918.90782761574
3204400030,270414.43849366903
7972600910,441898.3616326302
7744500020,465529.7363077402
1153000150,616587.4282507449
7206900075,270928.66399782896
1311600030,272016.3328573853
1443500925,335175.5204718113
1133000100,554260.3529671133
3879900754,600712.1767014265
4100000040,503560.28769238293
3885806840,877386.2210635543
9412200080,375243.47813253105
2131200065,385208.25863319635
9378500050,355846.397812888
4151800265,382023.30116951466
3876760430,264592.0378488898
3210600010,524235.00464718044
5679501310,545841.6872267872
9558040230,607303.880069524
1189000700,609492.6859999895
1523300157,223094.7805443704
3819800280,414913.81476415694
7298020240,619239.5712762475
4031700030,458038.8405111134
5710600620,500606.7977644056
3362400590,656181.8470848799
8091411120,224474.34505556524
9828702336,471946.5737887621
5007500120,387821.60406655073
9818700320,406010.62136012316
7974200948,983274.4096201211
452001890,758111.1934619993
259600560,353613.2172498107
1545801630,178602.89087951183
3797310150,151060.47092930973
7228500425,574635.8392933309
5451100220,740425.2748287469
2848700095,515256.1180469692
4024101715,336627.3859268725
4136900190,294022.9837871194
3275910020,399357.872558862
254000100,722637.5367556214
6338000032,495438.0316441655
3530490031,194812.75586295128
2767603165,716349.9062453806
3812400070,326459.4242987633
9200000050,180434.92179244757
2909310060,275896.25581020117
5249804655,518488.72068347037
5667100025,417562.83539041877
8121200970,475291.28364880383
7832800015,304367.5582321584
1703401110,235536.46424408257
1329300300,395279.077301085
923049440,412188.4227580428
2597530650,721809.8776628971
6371000079,626472.109259367
1504800050,862788.0226073414
4027700014,748696.3652688861
6979970140,724430.2093922794
7640400250,500430.88439139724
3303000130,576749.1096874774
4154300296,314273.20900189877
820000012,562353.1347526163
1437900020,425654.8226286769
1157200189,554172.4090159237
2113700235,438541.4367008805
7304300570,466901.6266833842
8682281960,809189.5482338369
200500700,736290.1850315332
6649500060,574798.9088457525
2114700530,495728.1853519976
418000010,216274.66090005636
6073200075,474882.65300804377
3353400435,276387.2378703356
5003600120,397512.13593670726
7972000200,250741.32078808546
402000145,228482.3179501295
1175001135,531939.9149204195
8809200070,393457.87139061093
2123049502,256138.5759075135
2600010330,675189.6604968011
3574801310,444854.98194667697
9189700255,164301.37442490458
7750500275,424700.3518973291
1357900060,491445.75610765815
1498303895,906892.833799243
2883200966,750193.9240180552
6031400092,382064.31209233403
7696630080,275619.95048063993
191100665,456524.76602065563
1235700073,511052.79527810216
1231000510,493981.49929764867
1568100730,589232.3391993195
8651443420,303701.3275552094
1843130980,283454.84369689226
301401370,386109.1007626653
1152700220,622555.2738305926
3259400030,219860.21759976447
7950303290,513496.5011576414
6699930260,513272.01652243733
7568700135,466950.23466846347
7243500015,428538.9419811368
8078520280,237785.62774518132
1180000830,636392.7342555225
1235700042,671871.6300899833
9521101455,547558.7804675549
8944290090,261772.81025749445
1312930250,136207.01657739282
3918400123,571257.5577223599
4307300520,395714.059615016
3814701090,367355.65967544913
1075100090,520280.26693476737
5466700450,282834.87327332795
1972200326,493875.49161970615
1395500020,370421.38772925735
8929000140,384923.64926859736
829000160,354544.69065365195
3395800155,203257.37562301755
8096600100,527525.2353973985
8127700720,666158.7712572813
9358001403,423283.9146223366
7137900490,194932.85268208385
2600000050,760455.9154585898
2770601530,545219.5205911249
3528900770,562540.1783837676
4443800960,536708.6374891996
4024100120,340949.4663145542
3876312290,410517.91331735253
6121800060,245995.82578632236
2725069162,678252.385913983
3832051140,309633.9496162236
5422950040,295694.91265180707
5490210200,396615.5786857456
8568700015,478323.944189474
3395300180,526763.0293863714
5101404563,528596.1800299287
2771102144,376781.98252515495
585000095,561437.081681624
1124000010,420860.4918553233
1909600046,448298.2461272776
252000300,220720.35682180524
1231001130,485318.72382593155
1951100110,287066.9337117076
7893205080,184915.2991798967
1939050110,409682.302426219
2525310310,228664.36354222894
4397650080,897535.354729861
8563000250,513356.6709138155
2592200030,720222.8425357342
109200390,269359.8641819358
7234601140,656783.5896911323
291300170,337849.306293875
2225039081,375057.1274981797
6788203060,1083575.8040652573
8682281220,450273.8974069357
1545803890,204229.23639962077
3449900090,505110.8228081167
8802400906,255339.3910265267
2273600410,477115.20964188874
8725950220,818825.1962266862
643500030,437563.6160864234
5078400090,545845.4006256461
785000040,439056.0638770759
2481590090,715972.5850922465
2005300140,197202.01837678254
7855800910,698911.7282323837
7345200400,184086.65847811103
2268000370,179256.73043221235
7299600530,268075.5221452266
705730280,261317.7334021032
4154301371,251928.63599434495
6058600385,370884.6584288776
3188100007,370684.32304513454
4024101050,314201.6991637945
1760650210,278487.3689517975
3330500925,391132.54849661887
8682300890,678406.374197945
7518505345,451737.0200639814
2260000340,476273.07551175356
7104100050,425825.14486670494
2124049254,251097.90854516625
2767603250,556128.0567761064
6821600005,688748.7293563783
2926049237,465377.2796459049
7979900552,460472.16372820735
7148200040,192658.21903833747
7287100135,443985.2345818132
8029900110,577465.0404675156
4154304740,698784.90693672
1332300110,407540.73881298304
8024200683,448255.9085472524
1782500035,313098.7745324075
8091600080,14186.556811243296
4444800045,611099.4548396021
223049087,265782.3652385771
3303860130,491107.7776841819
2770602360,719375.0012269318
4299000030,403895.5134457201
4331400090,259839.63838869333
9828201885,567050.7986927927
2768100186,494590.9398691058
5437400100,515524.23199766874
5054800110,365224.44380253553
6624300110,340735.3084408343
9320990090,290935.6211617887
8682230590,690110.9369201213
2781250400,288406.7144019902
2391600950,428062.37298186123
5100403818,344714.1778229028
6661200050,30328.971860840917
3388110230,274458.6293810606
1697000370,128110.80521689355
9320990110,296061.1786670387
8122101115,399707.48084256053
2130702075,318494.2376342118
6662410070,582635.2503749132
1959700225,604697.653770864
1402650110,419023.86896152794
3904960690,500823.18625733256
2768100180,587070.336622864
871000515,447761.8490487635
3210200373,239120.88085910678
2475200080,290175.6604589075
452001540,524585.6789964437
1224059049,745123.3053665012
8691410730,704170.7846581936
2191600780,208826.82677435875
2490200615,352514.0148744732
8830400135,266277.09187988937
9435300051,348424.4732206166
3348401095,339202.5267728567
2868300061,221429.0950793177
5104520460,359721.20304974914
255370020,302651.32563725114
2005600090,162624.5185522139
3211700035,469210.1730617136
4307320230,393425.2368976772
2927600105,476065.344376117
7525100590,514322.7144125998
7809200005,335967.5095938742
3856904580,525287.3863938749
993001330,471015.9617495239
8587400050,502446.3509103656
8946750030,204002.1681883037
4250200140,235948.7429175675
6661200080,161628.0215844512
461001435,668673.4735084027
5636010280,264536.9962683916
8647800150,338706.3140684664
4365200186,282390.9139560014
3824100235,573601.3333977163
2436700666,530042.5276027024
9237800100,472983.29330036044
1545800090,225371.61207078397
9301300751,398682.96686446667
5014600210,686292.1205071211
7889100020,277095.378764078
4077800518,354275.93741847575
9545200180,447829.2861093879
5437820020,127042.29862210155
1934800193,480817.6253941804
9526600250,656920.7124757171
6072650290,594702.3008933663
3905040170,461627.8746454716
2953000250,315998.17650286853
273800100,253443.45646296442
2652500126,513083.3726706952
3416600185,451983.674121052
3330500345,352359.47835084796
1314300018,394771.02620750666
8815400735,719191.8903509676
9828702389,508087.84004187584
3649100387,547380.4326510429
1446801030,250980.26926651597
3126049154,480501.4173223078
1254200615,414278.9916498065
5469500180,327779.23889927566
4040600190,490684.5675467551
4057300180,285342.974124223
7839300185,289060.94835577905
3235390010,340369.2360430658
2787320140,301240.091198802
8121100265,596234.9086387306
2473101190,329318.5936975479
3658700510,701932.9530013204
3235100075,370299.0538623333
1139000685,427407.936898008
9264030470,704755.4400720894
4037500335,462742.84887835383
3083000940,433110.8774242997
623049315,280219.1938197315
3488300085,330522.40584264696
2619950740,592414.5271025896
6824100014,553331.4205585122
7972601950,446790.6029396206
8645500370,271646.36847671866
2485000100,533203.0003551692
2826049165,376521.16648325324
6749700117,459355.19038139284
3528960020,618021.9617881775
1402700170,450475.476036489
126039413,737809.1993925273
3981200660,525842.7571687847
3550800040,194260.65435123444
3298700820,290156.53936451674
1321039076,155277.43442165852
4292300010,474990.8621892631
1140000190,216904.7628915459
6639900242,782452.4497176111
486000597,1018510.2751493305
8564500240,418335.9567691684
3904960700,479088.4902177453
2501600150,354884.80378964543
9346980140,513508.7461657375
2538410260,393183.02575169504
3904901300,364783.50892290473
626059155,458887.57677078247
1826049426,590237.3616512716
5560000480,185828.93802154064
6613000015,1243899.4270931184
9558200045,246580.7972023785
1937300270,833605.811129868
1438000390,460095.4806583524
626059127,871146.6515105367
8562891240,284493.7239316404
3832710840,311935.06976020336
9468200140,528372.6256757677
1232001985,519192.5660710037
1776230180,475571.84273827076
3211000190,347969.5678664595
9542850290,751069.4134621918
985000833,287395.4878270328
1703400585,389375.5192256868
9406500600,390670.254919976
7523700245,271256.345030576
4178600100,756632.0985578299
2770604615,886641.8121016622
5100401516,346234.6158450842
8562780110,315320.4315903485
7986400180,572414.3199141324
8651440740,282110.52892296016
2781250230,267635.2843987644
2710600015,617372.637122035
5649600464,284687.57756638527
5420300240,249661.04705621302
6818400110,211580.7503965944
4442800012,472257.8825253546
2025049192,414473.639379099
8165501640,393897.2714224756
1089000190,884549.6624600291
7524950830,488910.56581135094
1105000360,458214.43404106796
8682320420,669032.462082386
4302201085,352144.9246238768
889000025,609807.2977747917
3275730120,424471.64084768295
2473410740,346457.6877374351
7304301010,498724.8026469946
5700002025,768776.2709323913
2254501095,691356.1273874938
9421500010,557937.2192333043
1788700230,184312.3654435873
3023000200,401815.015813455
925059107,484513.5522095263
8159620260,287342.95182423294
2008000550,232758.89922642708
5162100820,395693.575924024
3861500340,207930.27729970217
9476200650,332718.8894111812
4401200350,955210.7797431052
7504100110,851445.4289182574
8562000010,246246.76904290915
3528900735,563884.9675464183
263000291,470511.78578817844
8651500850,569971.4202512503
6929600945,298776.19380545616
5145100310,384372.16460615396
984210170,377227.5338565707
5557700210,207318.92813694477
2624049185,380516.8650559485
7522500005,536548.608175382
1211000280,360339.0680977106
3501600114,554049.789694503
9274202005,860159.7946369797
9828702513,386395.7284013927
8562790730,982984.8035008162
7888780090,289356.77839133143
2205700180,479807.47256062925
7135500120,431978.9832473099
3579700100,501451.8851595819
2215900410,303921.82972955704
5700002510,1143600.7451387644
5149800040,337337.327015087
9828201725,423487.76262402534
5418200340,611969.9980792999
6075000050,549817.4975206554
1232000915,481060.75740483403
8121100600,464525.6364222765
8562750300,488501.1756722927
6056110150,731933.1980169415
1250201640,825585.56549716
930000305,461698.98708592355
6450300673,346365.28267481923
2570300090,406140.3237377703
6819100380,498813.8288050145
3448000755,483107.46228797734
1081300370,455803.3136893511
1623800300,507281.4333283305
9578060540,656279.1809268892
3449850050,474833.5668936074
2473460650,356302.6776866615
5634500201,535880.9211924672
1937300193,458030.5555253625
2968800626,255916.82551440597
1310700330,426902.7550904006
7132300540,520432.05840958655
6817810190,355888.3412323296
2570300130,483676.94569548965
1657000070,302633.65004849434
3352401981,289399.93909955025
8081900101,1133798.7123328894
4318200440,426339.20792494714
1315300095,828519.4194920063
3869900146,105483.2379783392
6679000170,281702.5683643818
7677300010,700022.6359741688
4139400060,842130.8516960144
7857003505,375917.3893482834
6852700477,527359.5510482341
8648700450,628926.9961408973
8651400750,177548.8262822628
1931300035,564383.694525063
1972202505,479934.75588172674
8718500665,427876.10962083936
7140700300,405082.02273891866
3756600240,380110.37780055404
9280200030,508227.0085362196
1722800835,301564.77730987966
114100131,801337.469001919
2329800140,243540.26266124845
3629970610,350598.209623307
8861500080,622343.314928621
9510970010,641257.4854552001
1025059181,373732.89427793026
2591010240,418256.28028288484
9550204590,880962.5657533705
1853200080,617323.9134049118
6384500535,411482.70803168416
6908200250,652982.9408643395
9268200641,289559.9387759268
3874900205,318867.1127039194
2767603649,500900.34370708466
7227801955,341749.95797124505
4222500410,302503.33983649313
8730000270,553083.5647433698
5683500085,351295.9660987258
7739100015,553117.8405170143
7972603931,231317.36377105117
2011400019,237505.0587195307
1441000470,592140.3330030292
3574300250,556452.1595501304
2807100155,400282.256008327
6705850020,827380.6007370353
5104510490,220712.64333289862
3331500820,414433.37126907706
5104510240,251686.12027344108
1829700080,386061.2194982469
8019201061,193903.55498567224
993002177,502202.0257702172
1972200382,361413.33826863766
3110800040,296317.19287241995
2558660290,496549.5431251824
7702080150,812115.1912021637
8807810660,356241.6340726018
6679000960,318543.9532546699
3275860240,774513.5232932419
3343903640,541145.0000300407
1672000170,650294.9718963504
3303951150,385108.41804879904
2558630060,452393.12875778973
3904900530,395926.2089468837
6705120100,510025.45292523503
1796370150,306400.1869171858
7504020810,655471.9482167065
1771110090,329765.6192769706
2473411130,441211.07759884
853000261,198762.00856426358
2877103615,895563.5148382038
8835900086,804181.0365641713
9352901085,340261.21410758793
2680700280,579131.3478641361
1423800080,184378.81360316277
2523400205,484936.7866654396
2391600320,373082.3178420961
6669200370,828807.1821132451
2953000090,281799.81405700743
8132700150,402723.04991453886
5511600315,546569.9935576916
8663310010,482631.19724723697
9430100360,612467.7326375842
1775800290,402460.14082819223
1682000280,163994.52870810032
3629700090,612678.8096858263
3438500486,463581.296515584
4181200540,278749.7771884948
1823049178,172212.58295571804
4154303125,597850.2131110728
1274500420,175186.1375952959
4024100807,656120.9987408817
2726049150,468318.2302660495
3982700088,824676.8991431594
2856101290,486798.061387524
7237450130,369938.48565636575
952007069,347473.4097264409
3992700335,324384.8622711599
1646501845,469113.315002501
6392001950,387096.5164425671
6126601380,450073.47705712914
2768100205,718397.4699379504
2597530070,841804.664603591
8146100325,462356.06510582566
7811100100,560311.3038454354
4443800785,535960.6123807132
1761300340,258860.8418942988
5631500254,736698.7577083558
4365200895,308992.3117725849
3630080430,354597.8910228312
1774000200,441470.50340016186
6145601725,335557.33244234324
3886902615,594355.714294672
880000189,334111.69270032644
4058802105,293487.7026800215
9542801410,330169.05992275476
3819800580,484964.65095475316
2767601805,563804.4292774498
9277200111,498357.3225777745
7812800855,191500.0305686593
9315000010,285705.77204084396
1773100123,316570.64839333296
8857320070,702063.711503908
2125049133,479946.5034326315
7689600630,182805.15474794805
2473411240,343671.5073283613
2331300505,669945.9655537903
2426039314,373419.5686661005
4142450510,284100.0961692035
4024101421,435561.6972541064
7186800120,462135.7877781242
2770604942,711397.500549674
8562890430,491293.90312966704
9320500080,284466.7724522501
4038700730,464691.06228224933
2768100510,680693.3055633157
7243500025,477280.9572715014
5592050080,441428.88015398383
2500600297,172931.8337904811
5053300015,284847.831602335
2267000458,418143.9534688145
5694500105,621485.8096460104
9554200105,550579.2082138956
5583200345,324413.91560968757
7526800100,617672.0807851255
123039376,610530.2368510365
2205500335,424972.4857610464
2597500090,394997.11042152345
567000385,183233.28721356392
2310100240,349899.4867939055
7625703007,232002.1680443883
239000115,279490.147601977
7763400035,322839.3933715075
526059183,597160.784502089
1837000010,437470.35513301194
3205400150,405839.70542532206
2741100800,352268.63655778766
7575500080,98126.23847556114
1085622860,498095.2016758323
2172000846,309879.86423912644
1423910130,267266.2840524018
2301400540,611064.9625970274
7708210050,612956.1318199635
723049448,263665.53865127265
2329700440,212752.61741183698
4038700190,510210.2485432923
6600220080,367039.16632193327
2320069248,102314.79166950285
9222400605,756360.685469687
6928000440,256046.5061226189
475000176,403648.17747573555
4327100045,171964.68348169327
3222049044,522858.5823588073
7853270740,563885.3390861154
2568300210,657348.2176483572
2769602710,531834.8194276989
9521100795,600142.3371406496
6450302545,546669.0942721665
1426300842,498288.4532839358
7227501369,362764.9013554752
5360200054,291384.3187560141
1328300820,393163.4592153132
8651441750,154848.2725752443
9325200160,583955.3619686514
2911000100,290781.37833575904
8016300250,554133.505846858
7202330920,444618.73351344466
3342100995,415307.789812088
3268000040,240300.37655490637
7625701900,420648.8326779902
472000620,1029490.5430731475
7146400040,441710.3818579018
7760400420,220202.32553750277
2131200766,403836.15909191966
7819000040,437958.50478720665
5422560900,557842.1418183744
9238450430,326333.38997629285
7523700305,326634.1016410589
6146600420,217870.12565621734
2023049361,259339.78397074342
7550801206,473164.80083689094
507100020,436159.4538459182
1863900190,200393.82515239716
2223059099,316232.90805621445
5040800120,834046.0470564961
2902201301,563268.9407189935
9376301591,736419.564420864
3668000810,125017.07900707424
6123600100,173192.3012560755
3438500742,573281.8496979475
1225039052,490622.9066731632
2310030490,270023.2416667044
2193310320,590885.7239587456
8832900550,824493.0255750716
254000241,475786.02346390486
2946003947,404994.2958289981
1972200660,473005.7767380029
3438501081,293140.8985520005
1328340630,291715.70084524155
8691390530,604122.588419646
789000550,452145.1779872775
8562770490,565505.080501467
2781260370,500569.9270633459
9550200650,439706.24232164025
109000040,496927.64049082994
6669020640,489996.70537778735
6372000060,551071.1346526444
9547200460,649516.4035361409
7351000160,514251.2098388374
7212680460,440818.07030032575
7549802535,469614.02399499714
1563102965,1158993.7443711758
7504001080,556459.5875944197
2473530100,392634.08410964906
8925100440,910929.757920891
7454001090,214416.32084012032
42000127,339289.15174615383
3726800285,410878.54176437855
2757000030,729353.8560465872
4100000050,585968.2892040014
3654800200,233321.1449661255
8698100170,242701.1451073885
3265300410,650795.2988629043
3275890310,737700.331774056
2619600010,495653.7940401137
4303200555,247589.53587540984
2767602490,404682.3005810976
7524950710,502102.5461717695
6792200282,253149.19720980525
7520000440,347878.0329629183
3331001910,338373.98124046624
7967000150,426414.43312843144
3110800030,229941.9158986658
3955800080,492989.216510877
1592000680,582443.175017029
2767604074,435394.4686720371
7905200130,380967.1532895863
2767604247,415641.8840355873
6421100592,397711.007409364
5104530430,383819.9399935603
321049193,376686.7256733775
8651411070,167910.041552037
7151700190,716009.8618985265
798000342,331571.3638536781
2767800065,478160.90923681855
6632300477,349575.5910939723
4037800015,439155.60307101905
4356200210,246187.0942068696
7197800020,515632.86775381863
3383900057,375477.5009421557
1454100260,429243.68763266504
173000025,439427.7691382617
4060000290,210253.48593890667
6914700165,363766.0194943845
2917200475,333495.77799884975
3205000310,301017.45653671026
7202340400,430086.46700048447
8698100115,524017.56607812643
3204800430,362717.58303046227
2517000260,452349.7427392006
7831800411,433925.4661462158
9264930970,400664.92890384793
7517500310,740269.9787901938
1703050500,675852.1978683621
4222310010,262243.34435305
9542800050,344884.0639830828
9448300061,309295.88799515367
5467900070,427893.5418371111
7300400320,513649.9400278926
7977201865,492628.4898789823
1670400068,379571.4224294722
5634500891,579973.8945608735
9482700475,693937.6756434292
3438501450,361641.646547243
1710400005,536100.3621792346
5393601690,387798.6500121802
8956200990,560112.8561170101
1721801161,286084.1942911595
5332200530,635407.9121242464
3124049196,373124.92741698027
4168000110,199772.10341873765
5076700145,372143.5295009315
8898701340,284582.00068829954
3395071580,302072.27686719596
9432750070,574364.2734452784
8651580660,601014.161696583
7504050090,823241.5079520643
3278606050,428850.21078950167
7291700065,448039.87741066515
1931300850,423875.46319912374
1839500055,589930.9376389086
3575302397,461240.3414109349
7821200390,427790.2999968529
7694800070,520301.2873969674
9276201190,433248.37487602234
7137960440,245256.87461733818
1139000135,402611.7023843825
7507500015,459420.34279581904
7658600150,610427.5641444027
5126310400,485026.95963053405
2044500201,466597.2397773266
3528900160,599199.6074513495
1442300035,473763.013738364
7973202712,241213.53140997887
8118600025,381324.16436707973
1472800160,637459.9180387259
2026049183,513242.1869953573
4136930310,386855.6088632047
5402100045,344082.6978748888
9297300750,482146.5735369921
7010700976,422646.8579237163
2734101055,435440.10605460405
2423039122,310687.01544575393
686450330,616940.7704930454
7504400850,431803.9970871508
8807600140,354266.58895391226
2171400199,289864.8807788789
2716600273,602185.6738565266
4142450480,243441.0445008576
3319500385,481436.5654193759
7923000360,396966.79928152263
9528100899,770961.3129090518
5041300100,498064.0978370309
3342103228,629756.297937572
8945300200,195096.59457960725
3438503230,522530.12295511365
9542830540,318576.07945998013
9136102057,608017.5321044922
2895810200,330092.7328977883
9558800025,215212.1178509593
4083300070,831572.2010291964
1773100275,162127.24894672632
1148000005,250032.3379956782
2473370890,384908.78337326646
6072400820,535189.8091868013
3123049320,412487.1481770873
7649900175,524449.9270216227
9161100460,343724.1637790799
5422560860,568409.5269705951
4151800375,399925.80863800645
7234601162,456814.07732744515
424000145,270464.294573009
9424400105,449760.18298247457
513000445,452630.00039732456
1446401290,276185.0908126235
5101400461,454467.84576673806
8929000050,424922.0530460477
4040800120,344663.8648738265
6126601445,468634.89726643264
5151600040,415923.7429921329
1588600110,429810.2364858389
420000085,293626.7242707908
4408100095,354707.7138698697
5009600010,242730.54736050963
7575610250,339042.5022712201
6430000280,591424.3611842245
6908200080,779381.9614666104
8944460290,563536.8034920394
7604400114,488103.0480212718
4215100060,494398.1076374054
3797710020,323574.6675962508
8035350090,606627.678474322
1049010050,434498.0617065728
8078490090,242909.04910117388
4137000700,245144.7468391657
1771110720,319443.72639888525
5589300435,340343.50788939
7387500335,246210.67665088177
3738900105,354769.14098605514
7326200110,412482.0244578123
2291401425,440491.40547066927
8963300005,480254.01300412416
2019200480,221234.18220230937
5569620550,745987.0938992053
6758700050,824415.978042841
1438000110,618028.7003615797
984100450,328803.01683974266
8078460550,514069.74342250824
2491200955,441010.08004003763
8078460520,482777.2477515936
11520200,763733.576153189
2599001200,235867.28889524937
2826049106,539456.7546053529
7427800080,559391.706693992
263000253,571615.3495063484
6084200080,367672.04012465477
8956200960,599552.328358978
1566100555,575171.9127422869
7116500125,313756.7442727983
9321010130,176797.89692123234
5145000130,501843.19158792496
9194101388,653329.2972364426
2114700540,387740.3188710362
7983100150,210557.00022041798
3826500290,446118.21782781184
207500012,726302.7590120435
2781250560,171965.0447779894
8682261010,483575.57019743323
1687910100,451542.23092225194
3528900060,949680.1740626097
4302200625,405353.0712234974
4040800810,532524.1160403788
9547204930,538401.264014706
2207100255,349759.0132509172
7715600070,427329.3346607387
6669150280,319195.36576887965
1423400225,208102.48064532876
7899800450,249884.44495372474
2206700295,385466.38742542267
9378700200,335299.04688744247
4140090370,763889.0878944844
686400670,658926.1337123513
7203110240,587361.8164694011
1150000400,746164.8026070893
5021900160,480316.02176854014
5466350160,242039.49912390113
5100401429,388838.1454050094
7550801220,398557.1318267286
6021501420,635250.7144577354
8150600195,463919.65884819627
1561900330,587035.9260338843
3034200530,447319.34706899524
6300000378,745586.0187530518
8635750090,635202.162068665
8126300610,564663.5082600266
7203102080,363104.3557958305
2473370050,337394.3726823926
6745700150,888564.7133573741
7228502150,417302.0392449498
6817801430,365710.3330682069
3709500140,587130.1240212023
3303860160,535242.8013701141
5210200184,568563.5584779531
2095500120,377177.0600375831
7972600765,367861.00979840755
6646200420,433995.06478476524
546000910,715811.3131139427
4232903295,801783.8679996431
4137070440,304900.54169109464
6392000570,316337.2555282414
7920100025,360728.03452810645
4083306616,309489.61851891875
2215902010,272376.9367838949
8732130680,322061.68002814054
263000040,415474.2185781598
7147600220,155786.62360540032
9268851680,519886.1935738325
7140600055,191325.59600654244
8850000509,636946.7289989591
6870310010,633943.3313105404
9268850130,324818.51991161704
9818700215,472837.62034489214
3288200360,577885.1992623061
2571900380,186393.99831205606
9533600185,598203.5382953286
9476200290,252919.77840140462
5412300410,236128.4006962031
8092000330,147847.54134252667
9267200062,415376.34802879393
6163900032,317193.1135212481
751000020,327469.092784971
7300000650,387889.0932906568
2215901310,283979.62767091393
2822049148,119203.09992523491
2193310300,469560.8212905228
291310100,384897.2454612702
625049286,479195.9956853241
1937300180,386709.5352410674
4379400490,603841.3310135156
2621750110,317746.49684622884
7326200030,478525.19287370145
2126059139,720510.2474443465
5127000410,300123.8428276479
7214820610,457383.9654660821
1898200080,592637.2968394458
6844700575,737504.2398291826
1081200360,363343.15946140885
8691370330,595782.929835707
6083000083,220588.71780776978
3762900010,543868.1986735016
1788900230,155497.9180109352
1426049054,570204.488258481
6411600026,495819.35020020604
3814700200,456455.63021698594
4123830480,302867.34425091743
8731900790,578439.0945369303
8928100025,526760.3466014713
8945300110,180285.59503389895
625049153,664709.6099339426
796000085,221419.51036801934
5249803550,472032.1432505697
9842300036,320697.92005199194
2895800610,442646.9231813103
3904901190,446628.1371450722
4123840050,356854.3604249954
7202290160,392084.3523520529
2770604365,609085.3943396807
9512000140,439766.3697679341
1432400095,238697.7840309143
5710500010,564052.5355389565
3905040220,474690.21640866995
5379804537,201433.84587803483
1370804100,795615.1957434863
1311400350,324340.8312788904
2887700140,567849.3199787438
7972600450,371623.4395339638
8146200150,530733.5644237548
7338000850,224329.4349811077
2946000590,236860.44876796007
7202270440,489806.30556872487
8714600145,550953.2938548177
5700001055,816236.160010621
5255690060,654934.0566583872
7883603965,354807.35974754393
9510970050,590256.6078824103
1250202990,785239.862945646
4345000490,267388.98919537663
6205500580,530812.8237395734
8946410040,376815.51956279576
9320990140,301022.5389274508
6402700110,502533.5342196226
1326069191,449250.66433021426
4307350200,388342.0699789226
2126049277,415186.6830923259
4123840210,351453.00117099285
301400320,279396.76554498076
1498302783,352972.9419618547
5135000050,931597.7550177723
6791100280,339060.728196457
2946001675,179523.73429505527
9432750190,488624.2359624505
9542800290,257372.7554550171
1036400110,548246.6045130789
2998800125,630980.8410839885
2489200165,314218.040193975
7129300595,411905.8395654559
925059113,468166.41468417645
7625702431,370034.0486987829
1217000340,293351.00726284087
8820901792,810184.9345050305
7370600045,611260.6310248375
7697870530,221846.2387906015
7859910110,404676.3129249513
2026059119,483854.87846015394
1355000220,234513.1760814488
4385700660,1033641.7828888446
3396820150,635948.3504219949
1437910090,651690.2706220448
2422049104,191888.1081480384
2095800250,609666.5041254163
4233400400,216234.9750172943
8078520090,170831.263339445
2902200237,393978.4642351568
3508100161,652702.4598315805
4379400220,686282.5218894482
8019700010,580192.1881260872
808300270,493332.25256203115
5379802871,180964.08737313747
8645500270,327324.7442561984
3326059254,974150.0451566279
443000060,545530.6113828421
8651442810,127739.95877197385
8122600165,320284.3783355355
1149900050,835211.7401557267
399000195,173621.9499526024
2325400040,365394.65067732334
8651610680,641694.8343015015
6649300190,529575.1100171357
9264921020,335274.06737852097
2163900028,599729.2610019147
726059344,590321.2664867043
4166600473,483588.96139612794
1565950670,400054.8604209572
2459500210,307904.96483933926
5210200107,480425.0687967539
722059070,299921.9863213897
1327600150,409335.9044774473
9264930400,361183.26314535737
3362401758,462822.16666290164
2787720300,392125.3503522575
3582750280,642536.6538574398
2770603522,651117.9689025879
4036800910,411337.7262350023
6601200020,313185.2534184456
2895550280,262864.4361398071
1446400670,289026.5014029741
7899800120,367114.09232498705
4077800412,580753.2875868082
3790600080,439785.4690660536
2568200740,737122.5971406549
372000040,309635.8609261662
1446800181,245373.15236261487
2972300060,424063.72458156943
9194102188,699475.8422147632
6187500080,677265.6356969029
6150200435,286899.8220663965
5540800130,496242.819236055
5078400190,465991.131441012
1863900225,287616.4675219655
5547500050,254098.52793714404
9268850040,507468.8796007335
2991000160,307741.72060474753
1236300146,453048.5077638626
7197000100,513251.9891657084
1246700136,411537.4505201429
11200070,434022.9625041485
2558640110,485427.38681051135
6979970150,685604.0650732517
7222000209,301380.0047388077
3148750050,302717.14618465304
623049232,139558.20084884763
6402300070,575303.3497770131
4136950070,249009.88259765506
2771603050,705701.7840521336
3971700390,479551.6768555939
4037200585,411350.30331262946
7312400075,385484.72097711265
2473350790,476249.44374522567
9212900180,686660.0216365755
7784400070,430849.7270130813
8093600065,306648.6452381909
7905200205,399022.4488648474
3291800660,311461.27867254615
2724200705,142789.79576450586
3750603471,300851.30764997005
8651720020,622999.895818919
6206100075,645205.1217728853
3905100070,386521.9779854417
1796370180,288326.7737394124
7168100015,669219.1000426114
984220370,329290.6987030357
5100402606,472980.40559244156
3052701135,651179.5943242013
7694200090,448872.65036296844
259600890,403929.0439001471
7871500070,798910.842456162
7853301930,371930.7540268749
255550100,514489.68781748414
7170200080,525039.2392797172
259600790,398825.14669425786
421049254,225391.16364346445
1330250010,341038.3080919981
3867400180,463435.5020734072
3530430100,168177.74855414033
5116000170,596724.5210377872
3999300290,897202.9720903635
510000050,729514.6748058349
7853430690,900249.4873561859
3303900090,808184.0799229145
4206901435,554860.6007975042
3343901401,618649.6391921043
4058801325,345897.94664026797
7399300420,238415.62365575135
2862100205,649283.1656864583
1922059135,341999.6084461659
2297400090,463116.5356859863
8820902905,365355.2503875494
1776230220,545521.6231754869
8682262190,443853.3161228299
3278600320,491092.2203511745
7312900060,294305.64194484055
7214810350,483498.08287781477
8151600142,307593.10311567783
2329720040,662928.5648575127
740500070,332138.6586353183
7843500070,276074.89292384684
1102001112,492669.94429191947
9358001566,444117.51798963547
2695600195,355002.61641952395
3356406510,178143.71784210205
5468700105,647856.3865644932
4038000040,454867.9062730968
7212651100,656421.0164332241
3782760280,555887.5713683963
3723800414,504532.69078990817
1099610260,231165.41867788136
5637200450,613197.0005635619
3096000040,710733.1035090387
3904901200,504223.759894073
7852130100,387890.41707344353
7278700069,570889.3710149825
7418700040,395969.31756958365
2695600190,406905.34557545185
6121000110,219196.8084306121
3334000050,340713.69133269787
868000305,351143.51611346006
2325300037,434542.896649003
1137400460,419843.4762573689
731500170,484980.20049250126
8820903080,396343.4499603212
8813400165,605014.580299452
1257200115,682900.179770872
9169600209,567437.8302008212
7575600610,360783.13530929387
7625703900,527492.3421859741
8819900055,479248.05703672767
1947300115,389984.2671088129
3279000460,216346.283539325
7891600260,244368.8497364819
6379500227,505884.57806685567
1952200240,1216636.7766145468
1698900075,1216182.149946034
4036400030,580626.0123838931
9211010320,540311.4150076658
7625701795,705880.6390309632
3630240140,699387.2882629633
5015001045,1062106.2251172066
8056000075,529417.6977651715
5411800250,310166.88528856635
7696600240,237196.188023597
1383800015,472386.0571426451
6190700284,627349.2875100225
3629960680,415955.126228258
7732650120,785945.1500741243
8732160240,246004.36145073175
3705900124,716532.7451729476
6021501535,624953.0873490572
625049310,440258.2072316706
9264030040,566995.0949210227
1370800560,1214450.4605724663
3426049153,477155.06456846
3303860460,634916.3535751551
2138000120,493219.56961606443
2475400120,667119.2060781568
3278611610,457138.8929503709
9348500220,771470.3663311154
9828202545,765348.6507120132
6306800080,476312.6390809566
2887700805,473100.5518101156
1542800010,481526.4233728647
5282200015,746065.6398353875
4167800130,508669.22568029165
7305300760,398229.0422640741
461003835,935738.4554163963
6072760360,619088.4766043127
8562750250,502760.2153944522
4440400155,235010.6639497429
5379804730,126345.77192680538
2222059065,375227.941239208
8820901275,632437.3105988204
6909200007,446391.48724007607
4438000075,276528.9801171273
3339900096,349325.04896496236
6073500160,469943.7117218822
3904901520,313861.2871617675
9275700765,794023.3789211065
9834200555,698210.0643099844
2895800640,370977.1341211796
4022900569,425689.728610456
3558000130,320218.4622401297
2212200090,271635.23439726233
8856500120,448998.9243285954
8944600060,546592.0707802176
3204800330,313202.50250665843
8699800060,206700.3076657951
7694600201,279670.95470431447
3331001115,271835.5553125888
6802200670,133576.08394272625
3298300530,351643.8116796762
7785380150,416863.7996892482
7852030320,384265.260037601
2025600280,247447.93655498326
3211100730,332673.8227046281
1370802770,821907.3958078027
4027701182,535060.1139441133
6844700810,447443.3670966625
1561900180,595901.400847584
4345300180,309070.19864445925
6884800210,580214.4566353261
1453602065,486129.2843259275
6669020500,361020.516158998
7625702263,309268.28664913774
943100689,322338.49008360505
9542840060,327699.11506973207
5635100050,652376.1801677644
8651430870,126362.73351600766
1657310170,309982.56874269247
2755200110,562234.2717451155
2473400340,323464.82506997883
795000865,233209.2134987414
4038300010,381682.3818709552
5603700025,681636.0748974383
1239400064,784374.635499686
8563010300,683645.5751659274
9527000040,504286.9193855375
2641400160,393350.04655480385
8820903555,484896.06141102314
4038100110,456761.86914111674
8651520400,488294.138964355
1568100076,386451.3161159158
301401410,346979.1766510606
2207500695,810680.1755146086
5249802240,430082.0080559552
6746700605,671889.4656501412
1685200110,198573.81899777055
1843130360,349961.4871969819
2608300103,320232.8566404581
3575304017,219583.83689786494
8669150700,341123.964284122
3578600141,732762.4825130105
8731990700,519946.5115392357
3574900170,606620.6047953665
2597520580,689975.953936249
9413600670,528367.3479760885
8860300220,575392.8559938818
5647900670,268698.2925712168
4337600005,217362.3818526864
2126059172,574954.9471034259
4322500055,508308.4447283
6072760670,578298.3472877741
8679400130,387065.5844064951
1473120390,526378.7228818238
9195700040,306277.3506218195
3756500180,379905.98125965893
1524079156,360918.0355452299
2144800117,217726.26036684215
1091500120,306217.4657714963
6865200095,643833.4923923761
9829200580,798918.2537726164
5393600509,268829.1133326888
5104530240,399728.8082328737
2724201202,231189.72868144512
2612000390,353862.9836511612
9839300125,637075.693483293
9346950050,664556.1957131326
3224800120,389359.96865718067
3352401476,201686.00366023183
2810600022,294763.6014356911
7011201016,619664.8940677941
3034200142,480061.9374407232
2600010390,590404.0592664778
1787600164,444269.53064094484
9468200100,484055.385775581
5700000446,449546.4624660164
6888900115,293504.3819690943
2026049184,632642.1331183314
952001765,379399.4252654314
8635760040,424363.7665233314
7399000580,415187.13709676266
1964700054,497575.52362047136
1559900080,446805.7291455716
3900100265,490808.2889699936
9406540190,385189.50084367394
8558600085,357631.2556563318
2938100005,156292.20320400596
9165100230,738036.3718517721
3793500730,342395.7594615668
4037000470,414849.0669259131
2767704525,678358.7474637628
34001765,633190.822601527
3904940140,463377.5137913525
7452500340,256873.95755511522
1402620120,469844.6944928169
1954700365,759251.9599243999
6084601060,271920.3618565798
6145601000,478313.2921862304
7015200685,628361.4552787244
441000065,504145.22643628716
726059349,583182.9773696661
4310703083,413288.8923163265
4123800270,214855.06842526793
194000565,525287.9237976223
5300200085,314285.0532683879
8732020670,412737.8024724722
1321400650,288702.742864877
1446800995,301699.472900033
9285800585,557102.3975104541
9158100040,474238.94636005163
5637500082,293467.01853848994
7390400069,520646.2480440438
6669000070,691896.2555486709
1552800010,319291.5979014039
8924100430,435478.29889038205
2771604226,468601.28101208806
8121100155,1001575.7683623135
723049326,213559.48708343506
7205000180,427042.1139611304
3578400270,329913.9671551734
2768301715,528534.1523497403
2475200870,267537.1850235313
7852130550,404996.596493274
3574801490,427294.71584165096
1311500020,332939.3165639937
6437400101,311797.7359702289
5422570760,609964.9441921711
2206700070,375124.1168857217
2658000373,366873.2348934412
6824100005,476000.03294858336
3052700855,560617.5744998902
7338000270,221267.70494943857
3241600015,287055.3558704257
8643000225,308174.9800723791
5101400862,367392.78846499324
2594200350,385755.60181491077
1545800730,244254.4086354375
7335400345,141626.0181849301
1788300010,210945.2152275145
3879900753,583344.5469830483
646910160,287195.8981323242
3578110020,528097.0975670218
1842000140,334532.9214210212
3223059173,262499.4485168904
6145600040,484835.73685722053
1773100924,444023.4030122161
2525000220,331071.9492793977
925049318,567977.742689088
3876000910,751096.8866916895
3332500265,272100.96039795876
3764800540,371252.86381581426
6798100652,358924.32246795297
5412400180,268646.92548283935
1518000070,484079.80890868604
7853400250,637977.4769778848
7524200180,199706.07751190662
1556200205,506969.3951227963
8663200450,604918.265573889
1450900020,302697.1188274175
2810600015,469828.8994074464
809002765,565596.4441214502
1836980160,680038.0180024505
3992700130,377128.6314973682
7972600860,296431.9511323273
7454001200,356530.5389883071
2895600420,323426.2862685174
2291400566,395038.6707498133
6386700110,303936.409640044
9144300120,385227.938016057
5015000700,595597.9896653295
4006000307,193076.76801648736
723049530,244322.7577355504
5437820080,77531.08016718924
7011201333,534735.500723809
7882900120,410490.71711438894
1840300100,262441.7741253674
7889600685,234287.6910136193
7972602490,408306.8237361908
2540800390,555755.1944251657
4046501300,540349.7747349441
1314300046,318630.0961099267
8832900360,847064.8797213435
9349900110,305455.6540235877
2887701251,434705.4893002361
832700170,387272.3752233982
6190701483,458397.2404257059
3438500192,300973.4184473902
4399210110,345386.9589692205
2591850080,451682.0074813068
114100155,542152.8378517479
7299600920,278896.46905204654
4178500440,234251.29932144284
1704900206,361118.0037893951
3278605550,444250.99559375644
2464400435,651046.112342149
9264900660,404139.16929763556
7202340820,490411.579656899
2472920680,599466.0633755028
5379805160,259332.01717494428
3982700125,672720.4602327496
3626039187,400173.55333690345
7856000150,786683.8656678498
6392001670,460236.8439603746
8121100325,462854.457802847
1370803925,442001.83824145794
985000900,266240.33253613114
1231001225,307217.89583851397
3904960910,569145.8568657339
7625702967,407309.5405279249
7999600180,227371.68724748492
7977200055,464610.3953382075
2877102651,812526.4996901155
7199360320,326960.4851061404
3142600120,615647.3763521016
3876200060,499166.10842211545
7893804845,273850.39739856124
1454100267,478811.06868210435
4113800410,600615.7752889991
4337600205,168585.56219267845
3205100110,369495.2809740603
5379804888,221003.03242620826
9432900070,294602.68875837326
2770604104,482295.8123804629
2133010290,485822.7208893895
7104100110,761598.5620668828
2253200010,466211.16185355186
9413600350,645149.9293683618
9324320030,314090.35887113214
3885802136,643667.717587322
5589300495,761522.7923527211
8731901910,391082.7671159804
1772600665,678518.5586732626
4363700304,334381.7514792979
9828200762,461071.9137170315
8900000110,609896.048502922
8029740060,407708.23770053685
3629700020,653746.8763328046
4338800600,229425.8089314103
8700100100,272624.5450024009
2770604575,607543.3853391558
1376800220,383984.2715661526
3459410230,660818.2834610194
9550204515,455903.2196803689
5437200050,472607.37894141674
2475200290,329727.2817181051
2228900191,499124.6474519074
5637500250,383057.2411697656
7853340610,423710.2735144496
255550070,553461.0398448408
2719100013,392968.4144206345
5029450100,230961.70047663152
9512500610,363156.1741552949
6303401395,297895.44727799296
8126300360,479037.83537593484
8078560140,314863.72399136424
2115200125,496979.4552952945
2902201126,475997.5833493322
1328330290,382518.4698138386
7923700030,419496.8544483483
3298400350,324642.59989745915
422049178,196508.95489996672
8011100125,667387.4423467219
7613700660,787401.4411621094
2730500140,283759.68306177855
8665050220,433982.9473017007
1858600042,455353.04878264666
3644100065,427396.7486599386
514500235,356902.5024070442
9385200055,552016.0513076484
3886902505,603908.8859680444
8562850150,382352.656141296
7212660540,275148.19971477985
6306100080,258366.47274783254
3343900120,509389.4382314086
5347200060,336650.3179947734
1982200245,779953.2204515487
7971300050,495932.4128022492
9421500150,483110.803882882
3905100220,409307.63584293425
7657600195,190276.88229063153
7401000040,687505.0197640061
1133000144,589613.1023782045
3326049077,473723.6204704344
2473420170,294837.20593744516
2473100790,257579.4132449627
2473000680,439663.068382591
5040800015,630606.4824417979
9553200052,429056.15587958694
1072000400,475915.6444698125
7147800015,293906.550178349
6690500060,528005.790169388
3990000050,361351.697922647
3830630060,243855.74757230282
7950302345,283636.65678815544
9478500770,377634.03779290617
2231800020,525980.1431215107
4037500110,399084.85302974284
7137950350,341775.1694767177
3905050280,455978.01758408546
9346960050,573170.5231478214
2395710070,349510.1332051158
7984400050,262813.24319267273
2021201085,1136949.8422795385
3825310970,726862.3609507382
7694800180,610434.6712287962
241900020,429128.6195271909
1657300450,551800.4753174335
1175000073,605169.3607128859
7503800210,331480.26575756073
6308000010,606229.1271219105
3876540600,292584.1626791507
3782400190,413603.07239708304
3188100105,530308.6330723763
274000070,473632.3767821491
3131201290,854414.6728742868
7812801125,220480.54694250226
4037800020,416354.7900400311
6979970080,814890.5333197564
3971701990,462718.90007421374
1446400715,285261.1397538036
7771300085,427730.4074577391
1448800010,229690.59669345617
6823100225,635185.9895928651
2976800796,226838.88722336292
2483200060,622905.2948844433
9218400088,384632.35545513034
8682282180,464061.2396352589
3013300409,427158.9939863384
3295710150,206268.90220752358
9430110030,497494.74463382363
5035300570,789993.9027279615
8945200750,196344.64186501503
9473200105,559944.6572033167
3905090080,596069.2700150311
1310900260,421961.4278227985
2473000410,565903.9265376031
2592400170,481755.9100897014
3905080280,463605.414755553
6072760390,533715.8778947294
3389900965,503193.51194287837
7625700305,545347.6585953534
9212900260,583403.9307548106
2214800170,317799.11830699444
6817800510,323800.267091617
7171200445,384028.08658868074
7972601885,468553.34167540073
8682320090,710958.116086185
5742600090,379479.7059625685
3260000570,509108.7468649596
3342101937,1276428.507539153
1310000130,365484.67603479326
7010700936,594678.6817087233
424500100,243673.52406340837
7437100570,268576.325584352
6646200770,576777.0929311216
3083000365,416588.3777499497
7562100065,348716.47211790085
5628400080,516604.87606427073
2600130020,810078.9650924206
1868900035,733628.2121800482
1193000220,468139.68167456985
6819100352,525240.9551410824
434000040,418667.8693303764
6929602721,232348.45766669512
5550300175,246696.78286230564
7011201470,710592.7356987596
1773100620,496767.1388705373
1099610830,216339.21022847295
8021700495,560219.2917021364
2141500020,409165.8708280325
7340600845,275223.96244084835
9277700075,287501.2850599885
9286750100,507548.458330214
1250200285,480031.00037541986
324000350,744279.2528738976
1214700090,334233.11710232496
5018200110,259939.038644135
9407600250,189838.5961767733
8083350070,301753.1403890699
8651441290,219889.02856329083
114700150,247930.673266232
2206700165,381629.08753728867
9578500510,444508.86540722847
3630121060,735732.6437921077
3329530200,249827.0061584711
7749500970,257565.67723231018
9406570300,399010.8757159263
2123700100,366948.20283943415
4188300180,886981.6887215674
9510971070,672839.0983286649
1099750610,272216.0891813338
203900690,352125.6884816587
2887700826,699900.5994049013
7625701891,365725.1789470315
9895000040,533113.9336884916
5101407350,382890.5232310444
4379400260,656383.9226379097
7889000125,244768.60910740495
1563100705,627381.353037715
1138000830,435453.712592572
1898200100,575537.4225388765
8562780090,300592.3518861681
8645500160,268450.59011271596
3123800080,355901.21715158224
7129302800,363385.4952509999
514500195,484004.7905213386
2568800290,423794.3434308171
2130702270,325175.9131812155
9183702251,247247.46753679216
5530000030,287674.79246354103
5745600040,548884.8189656138
2883200760,616277.2584933937
3179100482,369017.2045111656
9269260100,582194.4991874397
8901000585,447318.6712138653
7856560380,620905.5391019583
1825049013,531486.6201939583
730000139,222170.89365944266
6669010120,377363.6929741502
1912100882,394733.5474511534
8902000201,406778.8504546732
2114700615,247438.10456606746
1218000030,181359.3897113651
3679400484,414207.9090872258
6064800550,335616.2433101833
2172000285,223945.97101804614
7785000010,394715.0546347797
1056200010,577804.0382660031
3677400445,674789.2005397975
6117500955,435313.6458734572
1604730150,501741.13481223583
7812800215,230092.78106981516
2205500400,405169.8405890316
7460000015,202769.486102134
952003285,680019.6062629819
6413600275,612352.6470585167
9320990120,296337.75736323
9320600170,327428.0319187194
8615800325,937802.2224196196
2426039313,404598.49357414246
5249801440,466630.68212521076
2558160220,496507.26300391555
2770600795,489233.9744396508
686400060,550675.655874759
3278605590,396301.204545483
6149700191,476910.80405013263
1245002125,645361.356546402
1231000640,318048.0750556886
9557300570,633248.5666224957
3291800710,309028.09856906533
3034200370,507188.91643083096
8079010220,434326.54287976027
8731951670,387533.9887263328
9215400075,384734.8893689513
7885800900,403518.58983665705
2592400400,425059.96576961875
2652501215,693280.4604743123
892000025,203712.7826821655
5259800440,223429.25685207546
1123059125,609694.6498228908
1823059106,278676.8632297516
5694500840,618798.1899804622
3905100520,423969.8084165454
6791900260,737012.3255666792
4307350990,334422.3616618961
1370803835,703634.4310134649
7129303180,418287.897749722
7852190580,488509.93890064955
1612500170,258628.98630946875
3876540410,261180.59433610737
4168100020,244621.63537722826
2841500010,401113.30944776535
9828200545,519108.9394119978
3575302575,364518.58692091703
6057700120,445037.4125355482
6838000520,415459.77755226195
797000258,238768.62126907706
3416600750,571987.3560925573
7682200340,290760.3060745895
7812800865,133340.93357855082
6728700075,493186.83861374855
2597490750,509129.8812713921
8944550140,473672.8820267916
1689401526,485990.59319609404
104530490,213273.07814648747
6705120540,528184.1829462945
4178300080,795162.4565131366
1036000080,526724.6863051653
1150001270,762246.0695698857
5379805253,143596.8953140378
2827100075,324349.5907341242
3760000020,467894.84480011463
726049184,365069.79333435
6021500320,610313.6950376481
8141310180,279137.2351708114
1254200045,598569.2481188178
1568100060,342893.77908056974
4232902595,920081.0932670534
8682300010,891993.6831033528
442000210,541207.7925185561
984210120,254273.7844299674
5561720180,251649.78459389508
84000335,340620.7943955809
8691330500,877984.7089251578
8665050770,388616.8689068258
7977200590,600414.2560595423
8097000170,341822.04081727564
2767603255,512549.2295409739
3057000400,387614.9598964602
8562890590,399155.08525300026
1150000340,644984.9908202589
9211520410,282723.52162128687
8731982190,379729.3804921508
4024101545,515915.61893785
6384500035,311731.7951878011
7203210170,604193.3162084818
3787000120,598772.6166567951
4178300040,931693.1901272535
2695600130,344566.1805356294
2826049098,645273.5490656495
3644100072,248011.02074113488
1081200070,483917.13946574926
5605000215,596212.3900553584
9158100090,547925.686041683
9523102750,904568.2935865521
4401150070,413415.80815184116
7135521680,569435.8480968773
3192000085,202696.86868581176
2254502445,358023.3804564476
2122059206,441067.7788756639
9834201215,286956.4217874706
3205100080,443303.60286411643
5412300130,218326.3575629741
1189001180,368340.1592794657
3830700010,493754.25888825953
3869900136,450764.9080133289
4027700795,499138.31392866373
5205000020,423762.8678368181
2872100445,522241.3308374733
1423600300,263171.2763040662
4376700330,551303.280272901
9286100250,423284.25928652287
1446403145,244379.5366385281
7504010570,1088455.5215732455
4395600060,861592.3790537715
9363600457,719858.2825570107
5163700085,295982.6658414304
8127700445,392872.0932600498
5252000200,415912.0609174967
6848200221,569238.2674604654
7645900355,1197451.8379911184
3278613210,452404.808531791
7169500130,495326.2953521311
8073000265,434815.8661996275
1591000015,356313.60209810734
9276200890,414070.9072075784
2895800780,411085.99542945623
4223400050,340742.20725259185
4321200600,661839.7904299498
2591730230,245746.0444803536
9285800735,365275.9886087924
7663700759,386445.8868216425
6324000115,839731.6208897382
5592900105,599808.1291326582
1760650820,290721.0787105262
8658300480,324215.8478191197
7974200510,436096.02907282114
8731800210,485554.10046200454
3158500340,319110.10485066473
1545806720,318278.46342110634
8651510020,470024.47802194953
6382500079,610267.8087323606
408100105,317565.0890481919
1868901295,644814.8876500428
5145100080,448998.4954611957
3888100117,469876.5129029304
2011400401,449740.1387923956
3066400080,769496.9041347206
6821101731,424253.45201158524
7202340720,498993.1869276464
4315700505,614316.2712098658
7300400580,427389.5233925581
